id,code,origin,redeemed_at
1,DWEHSP,YouTube,2024-01-10 17:07:01+00:00
2,QGKTBC,Discord,2024-02-13 05:40:50+00:00
3,YRLUJA,X,2024-02-24 04:35:15+00:00
4,ZXCVBN,partner,2024-03-27 16:28:29+00:00
5,POIUYT,YouTube,2024-04-16 19:27:32+00:00
6,LKJHGF,Discord,2024-09-05 07:53:23+00:00
7,MNBVCX,partner,2024-10-13 00:24:33+00:00
8,ASDFGH,X,2024-10-14 23:45:05+00:00
9,HGFDSA,YouTube,
10,TREWQS,Discord,
11,K12PEY3O,android,
12,383NE17L,campaign,2025-06-23 05:03:02.792025+00:00
13,0YMUYBB4,YouTube,2025-07-12 02:43:02.792025+00:00
14,X2FQCE34,YouTube,
15,W9ZPJWAK,campaign,2025-08-04 12:57:02.792025+00:00
16,OS7D2681,campaign,2025-09-02 21:46:02.792025+00:00
17,LTFEBFDC,partner,2025-06-06 12:30:02.792025+00:00
18,4N0VCKER,ios,
19,VMFB3LB5,partner,
20,JK9PK2N7,web,
21,0ZR1B3IE,X,
22,8QCN85RF,android,
23,ONWI0GO5,Discord,
24,4OUQ1395,X,2025-07-12 10:36:02.792025+00:00
25,I406D7WU,partner,
26,FILAVGSH,Discord,2025-05-19 13:19:02.792025+00:00
27,WDUBX057,partner,2025-06-28 18:32:02.792025+00:00
28,VQPCKF84,ios,
29,FFVYDCTB,web,
30,9AXPE6KI,ios,
31,DV5XTSDO,X,2025-06-01 01:40:02.792025+00:00
32,K31QTZ8D,partner,
33,R9UUPY8U,android,
34,CK9GBMVX,partner,2025-06-16 09:49:02.792025+00:00
35,WQZZOWI9,android,2025-07-09 17:05:02.792025+00:00
36,FMAM9AF1,Discord,
37,EKBKA2O0,X,
38,5JY5HF7F,web,2025-06-22 17:18:02.792025+00:00
39,OW1QEU5T,YouTube,2025-05-23 20:15:02.792025+00:00
40,V1SHIG50,android,
41,JZVQPEOB,web,2025-06-11 23:19:02.792025+00:00
42,FR01AGM0,X,
43,T81ZOSAQ,web,2025-05-30 10:44:02.792025+00:00
44,RR4TOWOP,ios,
45,TGTFMASB,web,
46,K8J38ZXK,partner,
47,SPVMSCCK,campaign,2025-08-10 02:24:02.792025+00:00
48,RIX92UT8,android,2025-05-17 13:06:02.792025+00:00
49,KV2LOUM7,web,
50,AJ32LJI8,web,2025-06-07 04:14:02.792025+00:00
51,C2GZAHS0,X,
52,6ZB9BWFC,Discord,
53,MVRWGUQR,X,
54,J3C4VELE,campaign,
55,IVVYJNNN,campaign,2025-06-12 15:15:02.792025+00:00
56,QYDDYXHU,Discord,
57,0ERJ63LY,campaign,2025-08-16 02:45:02.792025+00:00
58,2S1AZ41R,partner,2025-08-12 08:04:02.792025+00:00
59,QJYHXR4D,android,
60,FBAYPH4Z,partner,2025-06-16 08:20:02.792025+00:00
61,ENJ9VY7W,web,2025-07-26 10:58:02.792025+00:00
62,DUBO3XEO,ios,
63,GZ50HSES,YouTube,2025-06-26 18:16:02.792025+00:00
64,JM4A0UXU,Discord,2025-07-11 09:55:02.792025+00:00
65,X2135H86,web,2025-05-25 06:07:02.792025+00:00
66,UHGXEX88,web,2025-06-25 10:19:02.792025+00:00
67,DCT529QN,web,2025-06-15 07:50:02.792025+00:00
68,XBIFV1WF,Discord,2025-07-27 01:33:02.792025+00:00
69,1TFOZPGA,android,
70,WYYEGIDY,android,2025-06-03 20:57:02.792025+00:00
71,SRTTTC1W,web,2025-06-10 12:25:02.792025+00:00
72,PNQSVITW,X,2025-05-17 20:07:02.792025+00:00
73,F1WIOSBN,partner,
74,RID3RITT,Discord,
75,2S4N4H8L,YouTube,2025-07-08 05:31:02.792025+00:00
76,7ZLKUDUE,ios,
77,3EK2FCJL,Discord,2025-06-27 11:01:02.792025+00:00
78,6HNLIEEX,campaign,2025-08-19 09:28:02.792025+00:00
79,KBM8U3PJ,campaign,
80,ZQ7RU2NB,ios,2025-06-23 07:27:02.792025+00:00
81,JOL4V68C,Discord,2025-08-01 18:11:02.792025+00:00
82,EF7MVNDO,X,
83,ULTS0BU4,partner,
84,X1HT4D1F,web,2025-06-03 03:59:02.792025+00:00
85,STEHZLNU,Discord,2025-07-01 13:32:02.792025+00:00
86,JXPQ0FQR,X,2025-08-26 23:45:02.792025+00:00
87,MDFM15C8,campaign,
88,6IMZKH1W,campaign,2025-08-23 14:07:02.792025+00:00
89,WQ27T5QL,ios,
90,4DM5LC2E,web,
91,F5ZE4ZVV,X,2025-06-25 20:20:02.792025+00:00
92,EO3TGC0S,partner,2025-08-11 16:03:02.792025+00:00
93,P6Y3QQHB,android,
94,62054VSI,YouTube,
95,I57EZX15,web,2025-05-30 06:55:02.792025+00:00
96,0653506S,web,2025-08-22 02:39:02.792025+00:00
97,8WYKYCUG,ios,2025-05-31 09:54:02.792025+00:00
98,WOB6F51Q,partner,2025-08-10 09:55:02.792025+00:00
99,0EVN0F7O,android,2025-07-31 11:33:02.792025+00:00
100,JA4NQGHR,ios,2025-07-12 06:58:02.792025+00:00
101,07AA9MRN,android,
102,80YVJZU9,android,2025-06-17 11:47:02.792025+00:00
103,OI7KA8A2,campaign,2025-08-17 23:46:02.792025+00:00
104,DZ6RTHSN,campaign,
105,WUWX7MXP,X,
106,K2T2Q1OW,Discord,2025-08-29 23:08:02.792025+00:00
107,KWE0GQSF,android,
108,KWTQREVT,X,
109,3VNCPDTA,campaign,
110,EYGQ4XK8,ios,2025-06-30 07:50:02.792025+00:00
111,YN29UVDG,android,2025-06-04 13:46:02.792025+00:00
112,4Z8AKSY8,YouTube,
113,4JSGFB23,Discord,2025-06-14 02:13:02.792025+00:00
114,T2AVSMV2,android,2025-08-04 09:04:02.792025+00:00
115,QVYBRD6O,ios,2025-08-18 02:26:02.792025+00:00
116,HSUD0HW8,ios,
117,HKMRQMQ9,web,
118,6VBMXNVC,YouTube,
119,E0UHWWLB,campaign,
120,L4H727DT,partner,
121,WTW6X32V,YouTube,2025-08-18 04:34:02.792025+00:00
122,C80WV9PT,Discord,2025-06-10 07:40:02.792025+00:00
123,3MJETPJH,Discord,
124,0NUQVBVT,ios,2025-06-20 13:39:02.792025+00:00
125,EHT6GIXQ,campaign,2025-07-05 10:51:02.792025+00:00
126,E1BCT4NT,X,
127,PT6MQSXW,Discord,
128,CTXRA30N,android,2025-06-05 04:33:02.792025+00:00
129,P6KLQ485,partner,2025-06-13 05:37:02.792025+00:00
130,JNY2T6V7,X,2025-07-21 19:01:02.792025+00:00
131,4Q72H4LD,web,
132,QTFDIKJM,campaign,2025-08-26 01:00:02.792025+00:00
133,8LXY4SCK,web,2025-06-25 19:20:02.792025+00:00
134,QSQ2N6E3,X,
135,UXMLM4JK,web,
136,YFJHIEZU,web,
137,F3DJ9T9I,android,2025-08-22 06:28:02.792025+00:00
138,TEAWUDAP,ios,
139,IYCSYSKF,partner,2025-07-05 06:46:02.792025+00:00
140,YPV7UNXU,android,2025-07-16 13:37:02.792025+00:00
141,I8CX8ZJP,android,2025-08-26 12:52:02.792025+00:00
142,J0L1TVJF,campaign,2025-05-31 20:04:02.792025+00:00
143,YY3PYCYV,campaign,2025-05-28 12:52:02.792025+00:00
144,OV72WHWK,X,2025-09-07 11:47:02.792025+00:00
145,53LCKKPS,partner,2025-07-21 05:40:02.792025+00:00
146,BCFBBGSP,campaign,
147,WYY3RTUK,YouTube,2025-06-19 14:42:02.792025+00:00
148,N79O3ABF,ios,2025-08-29 00:52:02.792025+00:00
149,EA0Y5L2P,YouTube,
150,JJJ57E02,Discord,2025-07-02 22:23:02.792025+00:00
151,HLRU8OVC,android,
152,CPWTZBSW,ios,2025-06-01 02:38:02.792025+00:00
153,AO1GG3LG,android,
154,CQW8D9LV,android,
155,05BE6TLY,campaign,2025-08-20 03:38:02.792025+00:00
156,SXLX2RIC,Discord,
157,H518F6UZ,campaign,
158,ZU4SYPZA,ios,
159,8HGKCHCA,android,2025-06-27 15:29:02.792025+00:00
160,BFU531YO,YouTube,2025-06-19 15:05:02.792025+00:00
161,JWMYC19H,android,2025-06-29 17:16:02.792025+00:00
162,JE8HY8KK,campaign,
163,KQE4T5P8,YouTube,2025-08-13 05:26:02.792025+00:00
164,BQZR32Y7,android,
165,3ZP3GCMP,YouTube,2025-08-20 19:58:02.792025+00:00
166,AS13Z61M,partner,2025-05-26 13:15:02.792025+00:00
167,UE2CBZGY,ios,
168,CFD6VR3L,android,
169,KSD2ZR0L,partner,2025-06-22 16:25:02.792025+00:00
170,2NVH17L6,web,2025-06-12 13:22:02.792025+00:00
171,TWOOSWLF,X,
172,B5XCVPD2,campaign,
173,24RKELZ8,web,
174,95RXR18M,Discord,2025-06-27 03:32:02.792025+00:00
175,DK0TB2VK,Discord,2024-02-10 10:18:27+00:00
176,B630LZQW,web,2025-07-25 15:06:02.792025+00:00
177,O1Y7PVZ5,ios,
178,SV3V9FM2,android,2025-07-15 16:40:02.792025+00:00
179,BGGINKUC,campaign,
180,DGHRUDKZ,YouTube,2025-05-18 00:05:02.792025+00:00
181,F19ARY3K,partner,
182,RWBS0SK9,campaign,2025-06-18 10:35:02.792025+00:00
183,WX6NEIW6,web,
184,C9IE1Z5O,YouTube,2025-05-24 01:23:02.792025+00:00
185,EBVFXLOW,X,2025-07-21 18:22:02.792025+00:00
186,DXFXW664,campaign,
187,9ENUCVFR,partner,2025-06-22 11:02:02.792025+00:00
188,8O36U6QQ,android,
189,08N7OQAC,X,2025-06-14 12:34:02.792025+00:00
190,JFBG460S,web,
191,MKXQ2ZQD,android,2025-07-23 05:15:02.792025+00:00
192,L5HJYDQF,ios,
193,QRGR0HH4,Discord,2025-06-11 18:44:02.792025+00:00
194,CUQJ7OPU,partner,2025-06-17 23:16:02.792025+00:00
195,S6TWEEYR,X,2025-07-24 05:30:02.792025+00:00
196,SYYQI10M,YouTube,2025-05-20 23:14:02.792025+00:00
197,120W2NAM,campaign,
198,1Z0AETGS,campaign,2025-07-10 00:51:02.792025+00:00
199,UXB2B6PC,ios,
200,ZE41179X,campaign,
201,7WWYPHW2,YouTube,
202,GUFCGT3G,X,
203,VSRLDB3W,campaign,
204,C5NZE58M,X,
205,NPYWJ000,X,
206,MRUG72XF,campaign,2025-06-13 06:54:02.792025+00:00
207,Y90MCNWF,partner,2025-07-01 02:00:02.792025+00:00
208,QWUIJH2H,ios,
209,X0R56J8Y,android,
210,OW50INOJ,X,
211,YAFGLUCL,ios,2025-08-04 20:56:02.792025+00:00
212,61CRZY4S,partner,2025-07-19 16:52:02.792025+00:00
213,31ELAE59,YouTube,
214,6VNKQ6H6,ios,
215,JY3JMMBB,X,
216,A8J6WGUI,YouTube,2025-07-24 23:49:02.792025+00:00
217,YEZ5AZHG,web,2025-07-22 17:27:02.792025+00:00
218,QJIPO164,ios,
219,WG9VVLBZ,YouTube,
220,MKUK8OAX,Discord,
221,B85UB4JL,X,
222,EJ8204MF,Discord,2025-05-18 00:52:02.792025+00:00
223,JWS7EGW3,web,
224,XADUWB1L,YouTube,
225,HZA1DXCD,web,2025-05-20 01:36:02.792025+00:00
226,83W32943,web,
227,U93DRJR0,YouTube,
228,BX6IJFUD,partner,
229,8B8XJS7H,YouTube,2025-06-19 01:38:02.792025+00:00
230,IHZ0RHKG,Discord,
231,FBWFWC00,web,2025-05-23 11:58:02.792025+00:00
232,DSL1EC0W,campaign,2025-08-08 02:45:02.792025+00:00
233,VYTAM266,Discord,
234,5JKHQTGE,partner,2025-06-17 11:46:02.792025+00:00
235,PBHQG6BS,campaign,2025-06-06 01:46:02.792025+00:00
236,J4F7ODTB,partner,2025-07-13 06:00:02.792025+00:00
237,2SZS9VKO,X,
238,WE08UQGA,web,2025-06-17 08:47:02.792025+00:00
239,X0W8UJPJ,X,2025-06-28 12:58:02.792025+00:00
240,X1MDYVGW,Discord,
241,L65NCJCE,Discord,
242,SF06Y4ZP,partner,2025-08-30 18:27:02.792025+00:00
243,FA5HTZTY,campaign,2025-05-25 10:02:02.792025+00:00
244,Y0RCIXWW,android,
245,9Y41OXNO,android,2025-06-30 10:10:02.792025+00:00
246,6HDF19C3,X,2025-05-27 10:36:02.792025+00:00
247,DRDQVBWM,campaign,
248,FRAFT9G7,YouTube,
249,UFF8J0RC,web,2025-05-24 18:11:02.792025+00:00
250,D3YP7FE8,Discord,2025-09-05 01:06:02.792025+00:00
251,K2G4FZT5,YouTube,
252,543VLI4J,X,
253,YZQ064TA,ios,
254,TFFOZS24,campaign,2025-07-26 17:24:02.792025+00:00
255,0PFSM0HB,campaign,2025-08-08 00:33:02.792025+00:00
256,WYQS85HK,campaign,2025-06-02 04:16:02.792025+00:00
257,IP1DOWMG,web,2025-07-07 05:29:02.792025+00:00
258,Z3ER2W77,partner,2025-06-09 06:22:02.792025+00:00
259,R3MR875M,android,2025-08-28 00:05:02.792025+00:00
260,JP6GS97H,campaign,
261,FDYQMPYO,ios,
262,1QQ2MJY9,partner,
263,51F155QG,campaign,
264,R7OWCGGI,web,
265,X4GI64FU,Discord,
266,7HJ0MQ3J,YouTube,2025-06-30 23:42:02.792025+00:00
267,HT2SZ6GG,web,2025-08-06 02:26:02.792025+00:00
268,XRQ8GZ21,web,2025-07-15 08:09:02.792025+00:00
269,A7XL4JJG,Discord,
270,HBQ2YGAP,android,2025-06-23 02:20:02.792025+00:00
271,QO4PXPVU,Discord,2025-08-12 05:19:02.792025+00:00
272,69SLDH0L,partner,2025-09-05 01:15:02.792025+00:00
273,V2FRM3TU,android,2025-06-27 04:23:02.792025+00:00
274,H7RGSW6R,android,2025-05-24 00:36:02.792025+00:00
275,QWJ8YMBH,YouTube,2025-06-15 00:56:02.792025+00:00
276,Z3R5FVYA,web,2025-06-29 13:51:02.792025+00:00
277,7EBGMCYJ,partner,
278,NKX9IFO7,android,
279,VQE7YAS4,ios,2024-10-15 08:51:05+00:00
280,XD8KF87T,android,
281,XDHSUUV6,campaign,2025-06-11 21:32:02.792025+00:00
282,1QVJS46Q,YouTube,2025-05-26 07:04:02.792025+00:00
283,58QS4JVO,web,
284,LODQOMMV,Discord,
285,K9Z04JXL,X,2025-09-10 15:04:02.792025+00:00
286,60KK2F6X,YouTube,
287,PD0WZHPL,X,
288,7CP4F1W1,partner,
289,6XUGFJ9A,Discord,2025-06-21 12:04:02.792025+00:00
290,GEKO7COP,YouTube,
291,Z89A0FZ1,campaign,2025-06-03 15:39:02.792025+00:00
292,KCSHPZNC,ios,
293,SX10S84U,campaign,2025-05-21 06:02:02.792025+00:00
294,F96BOBDX,X,
295,3PFXLJQ1,X,
296,O4R7OYAD,partner,2025-07-01 22:04:02.792025+00:00
297,25IN6LQ4,ios,2025-06-08 22:51:02.792025+00:00
298,R3PIYDT1,YouTube,2025-06-03 11:12:02.792025+00:00
299,G1Z9HWX1,web,
300,WP60MSSL,ios,2025-07-28 14:13:02.792025+00:00
301,OO4YCJ0V,campaign,2025-06-12 05:01:02.792025+00:00
302,76PLA2KE,X,2025-06-17 05:00:02.792025+00:00
303,970HTP88,android,2025-08-12 21:15:02.792025+00:00
304,TS2PG81T,partner,2025-06-04 23:44:02.792025+00:00
305,2O1I0T8A,android,
306,M0IMNDT9,partner,
307,1LFOTDWT,web,
308,VPZMOUJD,campaign,
309,67XMSNOS,campaign,2025-08-07 20:08:02.792025+00:00
310,N3UBFXEQ,android,2025-06-02 18:57:02.792025+00:00
311,8WVOLGZ1,android,
312,9O3VULI2,Discord,
313,22B1WQW8,ios,2025-08-10 02:27:02.792025+00:00
314,VETPCGN9,web,
315,MLGUXW71,web,2025-07-10 16:14:02.792025+00:00
316,AFLGIXI4,X,
317,1AEHFLRR,android,2025-06-12 18:29:02.792025+00:00
318,89Z14T3W,web,2025-06-29 02:55:02.792025+00:00
319,UTMEW9D4,X,
320,1RUCRQ50,ios,2025-06-08 23:04:02.792025+00:00
321,R90HQZXR,android,
322,CHAMP14R,web,2025-08-22 23:37:02.792025+00:00
323,2ZVDRHDP,YouTube,2025-07-10 15:09:02.792025+00:00
324,7NLIWF4V,YouTube,2025-06-24 20:34:02.792025+00:00
325,45FSK778,Discord,
326,OPGWAJF9,android,2025-08-08 08:12:02.792025+00:00
327,B5GONABL,android,2025-07-25 14:29:02.792025+00:00
328,WB3VB8ZJ,X,
329,SYWB3B09,Discord,
330,AQZV28CI,web,
331,KJPTFKRN,YouTube,2025-06-09 10:43:02.792025+00:00
332,14LEBD9R,Discord,2025-07-03 05:26:02.792025+00:00
333,VX95U69H,campaign,2025-08-15 07:01:02.792025+00:00
334,LGKZAZRO,YouTube,
335,JCS7T8R8,web,
336,RZ74DR3W,web,
337,XTRN8Z8G,web,2025-06-01 16:50:02.792025+00:00
338,D2OBYMZP,ios,2025-05-16 10:06:02.792025+00:00
339,8H4RUGRZ,X,2025-06-03 11:14:02.792025+00:00
340,84EEQPG3,YouTube,
341,VYVJQ83D,Discord,
342,XG2OCLLW,android,2025-08-01 05:52:02.792025+00:00
343,WHVG1AVS,X,
344,WPHCQYVW,ios,
345,NLPVDOY6,X,2025-05-19 19:07:02.792025+00:00
346,KD1CIW4N,web,2025-06-11 22:52:02.792025+00:00
347,7XMIXVC5,web,2025-08-16 21:41:02.792025+00:00
348,U5GYC7LQ,web,
349,IYQDH5OF,Discord,
350,YAGXWUSK,android,
351,SYYUBKX9,partner,2025-07-24 15:58:02.792025+00:00
352,ZVYOFMME,partner,2025-06-13 01:18:02.792025+00:00
353,HW0T3XUO,Discord,
354,NJC1X0GI,android,2025-06-16 06:59:02.792025+00:00
355,ZJLKREB2,web,2025-06-11 16:03:02.792025+00:00
356,CF5KR1VI,partner,2025-09-02 23:22:02.792025+00:00
357,UKG0CPRQ,android,
358,K29VJZT6,YouTube,
359,C5RFV1NB,Discord,
360,T26V832Z,web,
361,Z17P244Z,Discord,
362,EGU142J2,web,
363,OI8V0B0S,campaign,
364,DBSAT3YN,partner,
365,C2FGLC9M,android,2025-07-13 02:44:02.792025+00:00
366,1PWV1W3O,partner,
367,WZSAWRG5,android,2025-07-23 14:35:02.792025+00:00
368,LKWQK2FN,Discord,
369,5ORXOAJQ,X,
370,KBB4I09G,Discord,
371,EN45SS3T,partner,
372,W8Z2WI26,campaign,
373,BW0KZLTC,partner,2025-09-01 10:39:02.792025+00:00
374,PJ3G2Z79,Discord,2025-08-28 05:35:02.792025+00:00
375,YRYQ5W6Z,campaign,
376,HM2X4873,partner,2025-06-26 05:24:02.792025+00:00
377,YHQ09NQT,partner,2025-06-04 13:32:02.792025+00:00
378,A4PSE3AX,partner,2025-07-11 10:45:02.792025+00:00
379,3X7MKAKA,campaign,
380,C686CUIW,YouTube,2025-06-18 02:06:02.792025+00:00
381,WPLGX7ON,partner,
382,ABBD3XE5,Discord,
383,M0X68FPR,Discord,2025-06-06 02:55:02.792025+00:00
384,V3C313DX,partner,
385,B9KURVDI,X,
386,F2Z9FUZW,ios,
387,SCLPF1YL,X,
388,07T5PLUS,android,
389,9EI6S00X,campaign,2025-05-25 20:02:02.792025+00:00
390,SWE7XUT0,android,2025-06-06 20:08:02.792025+00:00
391,K2GMJ5V9,partner,2025-07-25 00:57:02.792025+00:00
392,9WNZSYRZ,android,
393,RGV0KXSK,YouTube,
394,7WNVVXCG,web,2025-07-14 08:24:02.792025+00:00
395,RQL1RLON,Discord,
396,RBGKEMM5,X,2025-05-16 19:59:02.792025+00:00
397,7QW30S8L,campaign,2025-08-25 11:02:02.792025+00:00
398,IAPR8KKE,campaign,
399,77NAO0NL,YouTube,2025-07-07 04:21:02.792025+00:00
400,IOVNJLZ9,ios,
401,6BQ1UAUU,YouTube,
402,SX5KLDTA,ios,
403,ILU07Q5P,YouTube,
404,VZOW8SLZ,android,
405,YDPZ8L49,YouTube,
406,AA4AZAJ1,Discord,2025-07-05 07:42:02.792025+00:00
407,ZB7ZXOFU,ios,
408,KK61X8ZU,campaign,
409,9CR5VNHD,partner,
410,HX1JA78G,android,2025-09-07 02:26:02.792025+00:00
411,5T2X4HAX,campaign,
412,LCCQMD07,X,
413,QPU1K32U,web,
414,2DXQF0EJ,X,2025-09-01 05:40:02.792025+00:00
415,62EMO3Z5,Discord,2025-06-05 07:19:02.792025+00:00
416,Y7JGCEY7,campaign,
417,IE0P4K4N,campaign,2025-08-02 01:36:02.792025+00:00
418,EP0PONOD,android,
419,3XDVF0B0,ios,
420,SHSP42KO,campaign,
421,XS2SGYA8,Discord,
422,D6ZSQ563,ios,2025-09-05 03:13:02.792025+00:00
423,1WG5409Q,YouTube,
424,31USE1AN,YouTube,
425,6U6ASECV,Discord,
426,OS2CBQ3G,android,
427,UC0GBRWV,partner,2025-05-24 15:50:02.792025+00:00
428,O8DIJT6G,partner,
429,2E3535T2,Discord,
430,3MZ24V93,X,
431,JKO184BE,partner,
432,R8PPVZVJ,X,
433,D3L1AA7V,campaign,
434,CW3TBXV6,partner,
435,6I350JFE,web,
436,VEJ5M0TE,campaign,2025-09-10 08:20:02.792025+00:00
437,GSJBQ8AK,YouTube,
438,ZJDBYBKF,X,
439,RV54ZTR8,YouTube,2025-08-26 10:41:02.792025+00:00
440,8VDY69WA,web,2025-06-16 13:17:02.792025+00:00
441,TLHSF34J,campaign,
442,UDLP42ST,YouTube,2025-05-26 14:39:02.792025+00:00
443,MORA96U6,partner,
444,4AJ60X1H,partner,
445,8V4NNDMC,Discord,2025-05-25 12:03:02.792025+00:00
446,U8SKMVGB,campaign,
447,T37FHBZ3,YouTube,2025-08-15 15:54:02.792025+00:00
448,4UWU8HI4,partner,2025-06-18 11:08:02.792025+00:00
449,GVBH1DC2,android,2025-06-03 17:26:02.792025+00:00
450,LDR7Q8UL,campaign,
451,YGK755U9,X,
452,72GTQP3O,campaign,2025-07-08 15:45:02.792025+00:00
453,85BRPCIB,YouTube,
454,BUV66UH2,web,2025-07-02 04:11:02.792025+00:00
455,0RQ703Z3,X,2025-06-21 19:00:02.792025+00:00
456,VHO7V0LB,ios,
457,0MQNTI96,X,
458,ISUAICUY,partner,
459,OSWIYIZ5,X,
460,6AXW2ULT,X,
461,BV4A48A8,Discord,2025-05-31 08:05:02.792025+00:00
462,GD6Z4C2K,X,2025-09-14 00:24:02.792025+00:00
463,EVU43YFD,campaign,
464,C0U5C5PL,Discord,
465,OE7AH47W,ios,2025-06-14 16:23:02.792025+00:00
466,QG5FQ4HV,web,2025-05-21 00:03:02.792025+00:00
467,ETMWW2MB,campaign,2025-08-10 05:42:02.792025+00:00
468,Z4J7P31L,Discord,2025-06-26 00:18:02.792025+00:00
469,31YBO7PU,Discord,
470,0DEX0ZZR,campaign,2025-06-05 20:30:02.792025+00:00
471,21XUF5KK,campaign,
472,7JQIEBRP,campaign,
473,J5TCYZHA,Discord,2025-05-26 05:47:02.792025+00:00
474,YQOISIGE,Discord,
475,ZHWJSQMH,web,2025-06-17 18:45:02.792025+00:00
476,0S5TSKAU,campaign,2025-07-29 03:23:02.792025+00:00
477,JEEBBJXW,partner,
478,74BW1BG1,Discord,2025-07-22 01:40:02.792025+00:00
479,PY4C8DA8,campaign,
480,JLCS4NW7,X,
481,C1FE8T4V,partner,
482,KQ7NK3HR,YouTube,
483,80881K1I,web,2025-07-19 17:46:02.792025+00:00
484,G2CF9NIQ,X,2025-05-19 05:56:02.792025+00:00
485,SNBLKGYM,ios,
486,0HWZ0K1H,partner,
487,QD443B82,Discord,2025-06-17 09:40:02.792025+00:00
488,JFSAK0YE,X,2025-07-21 17:26:02.792025+00:00
489,2026PHU1,partner,2025-08-09 12:13:02.792025+00:00
490,74MW8TL2,partner,
491,RHXQZQ48,web,
492,BQQGSEEJ,X,2025-08-18 16:47:02.792025+00:00
493,GPQ8C4KQ,web,
494,GGPILJPK,web,
495,HI7T6U3T,partner,
496,EW5NSGRQ,web,2025-07-12 20:37:02.792025+00:00
497,OX6P0DMW,ios,
498,RE5F8FNP,YouTube,2025-07-10 05:09:02.792025+00:00
499,DN74L21E,YouTube,
500,MDIMY7W7,android,2025-05-16 22:14:02.792025+00:00
501,OMEJJVQ3,Discord,
502,PUS96H3Q,campaign,
503,7LC1GE31,ios,
504,8MHNBIMA,YouTube,
505,OXK4XANL,campaign,2025-08-13 14:09:02.792025+00:00
506,UI5VLDRO,Discord,
507,NHJW73VN,ios,2025-09-12 17:33:02.792025+00:00
508,8JCIOL6D,ios,2025-09-07 12:35:02.792025+00:00
509,H6XD0F7U,android,
510,10JM6A65,android,
511,OWFOWSDK,X,
512,S1ZFY8LR,YouTube,2025-07-22 02:13:02.792025+00:00
513,CAC9QFU9,campaign,
514,M0I32VKQ,campaign,
515,UYL21SUA,X,2025-06-26 19:52:02.792025+00:00
516,XMFUSD0C,partner,
517,HG1EC3J6,ios,
518,Z30JKK8A,ios,
519,JTKIXMTC,android,2025-08-24 18:02:02.792025+00:00
520,SQAA0TJ4,YouTube,
521,F4OFY5BY,partner,
522,YGGEHHNK,partner,
523,639V99HF,partner,
524,ZCPPO94G,X,
525,UD7RJO3D,X,
526,PSXFEFNV,ios,2025-08-20 15:53:02.792025+00:00
527,62G4UJS4,web,
528,6FE4HFZX,ios,
529,558LDYCA,Discord,2025-07-26 15:23:02.792025+00:00
530,I5BIGTR2,partner,
531,1DMDNDEO,Discord,
532,YS51HBR1,YouTube,2025-06-20 11:54:02.792025+00:00
533,RK12HQLY,campaign,
534,7HC9MSLE,android,2025-06-23 14:47:02.792025+00:00
535,FCPV0YV5,android,2025-05-22 11:53:02.792025+00:00
536,JCQTTZHD,ios,
537,8QZ2CI7P,campaign,
538,ZDHFVHCQ,android,2025-06-19 10:03:02.792025+00:00
539,9M894M57,android,
540,J8YU2UDG,web,2025-07-02 08:24:02.792025+00:00
541,T93WTQ3I,Discord,2025-06-20 04:20:02.792025+00:00
542,0FCQXW19,X,2025-08-29 02:51:02.792025+00:00
543,K349HNHG,partner,
544,JGSGTJ7J,campaign,
545,LI6VKTGL,X,
546,NCLDHOZQ,campaign,
547,Q0C5FVPU,campaign,2025-08-31 08:01:02.792025+00:00
548,3DCLAE9A,partner,
549,UG3QYN82,campaign,2025-07-20 19:37:02.792025+00:00
550,9S0SOPGQ,campaign,
551,OE186FWL,YouTube,
552,UX6S57S3,campaign,
553,SA61T2WL,campaign,
554,37KICORS,web,2025-07-31 06:08:02.792025+00:00
555,LLJUMLQC,X,
556,UZBWBCQ6,X,2025-06-09 02:01:02.792025+00:00
557,GU26UVCC,ios,2025-07-13 17:35:02.792025+00:00
558,5MTSM51L,android,
559,AUXQFE3R,X,
560,KCMGRMVB,android,2025-05-25 02:01:02.792025+00:00
561,BNQPE0B4,Discord,
562,ZNBYPBEY,Discord,
563,TH82ES10,Discord,2025-07-25 09:54:02.792025+00:00
564,V2G5DM56,web,2025-05-19 02:20:02.792025+00:00
565,AWP7ZRQY,partner,
566,455XVLED,campaign,2025-06-21 02:14:02.792025+00:00
567,6IEL8VOK,Discord,
568,JDQV11B1,ios,
569,HOKKBOEQ,android,2025-07-12 15:14:02.792025+00:00
570,CISSZAB4,ios,
571,BGBXFIQ1,Discord,2025-08-30 06:41:02.792025+00:00
572,CFKZPZXU,X,2025-07-28 12:26:02.792025+00:00
573,UFUGFGF4,ios,
574,ZE91FTTL,ios,
575,COTL3PV2,android,
576,58C2WCZT,X,2025-08-19 03:25:02.792025+00:00
577,SPHOO2MR,partner,2025-05-24 13:48:02.792025+00:00
578,2QOVKUOW,android,
579,8NCPIEXK,android,2025-08-21 09:21:02.792025+00:00
580,EDZVNGF6,campaign,2025-06-02 04:42:02.792025+00:00
581,N7MBHHB8,partner,
582,VPZQCF5Q,ios,
583,0UOS163O,Discord,2025-05-24 20:53:02.792025+00:00
584,LK05TFUP,partner,
585,B7909YED,android,
586,IDSRU2SL,YouTube,
587,SD2MGTGB,YouTube,
588,RFOTUJFM,ios,
589,ISJS2CB5,web,
590,KVQ5DFL1,web,2025-07-10 03:36:02.792025+00:00
591,HN4A5MYV,Discord,2025-07-03 08:53:02.792025+00:00
592,X6MS7FYR,YouTube,
593,XY099R9V,Discord,2025-08-10 04:04:02.792025+00:00
594,T3HNZG4R,YouTube,
595,KJX6JMFE,partner,2025-08-04 08:41:02.792025+00:00
596,62HPU0JV,campaign,2025-06-23 23:13:02.792025+00:00
597,5CWPUP7N,YouTube,
598,BUPCTK7A,partner,2025-07-02 01:15:02.792025+00:00
599,DGVIMGZ4,X,2025-05-20 20:44:02.792025+00:00
600,XUXM4ZCH,X,
601,E0KLTIVW,Discord,2025-08-16 07:24:02.792025+00:00
602,E7X4JYIK,X,
603,LUPW0734,partner,2025-06-20 03:27:02.792025+00:00
604,G0ZX30UA,web,
605,K34GKW0G,partner,2025-08-15 15:49:02.792025+00:00
606,DCLXJ5TM,YouTube,
607,5L6CQN0W,Discord,2025-07-14 07:42:02.792025+00:00
608,YFFVUQTF,partner,2025-07-15 05:06:02.792025+00:00
609,9MCYW9NT,android,2025-06-19 09:38:02.792025+00:00
610,RZRGRFA3,partner,
611,4D0JIICP,Discord,2025-06-04 06:48:02.792025+00:00
612,7RN9P04K,web,
613,WD9SZ9A1,android,2025-05-26 04:04:02.792025+00:00
614,IRY7BF52,ios,2024-02-25 00:28:15+00:00
615,M0VK2423,Discord,2025-07-10 11:42:02.792025+00:00
616,JSDGUFQQ,partner,
617,E6B6M2UI,web,
618,Y17VTCS3,android,2025-06-29 04:16:02.792025+00:00
619,SCPWU5A0,web,2025-05-22 05:38:02.792025+00:00
620,H3LTCM2D,partner,2025-08-29 14:07:02.792025+00:00
621,7HNVCB8H,X,
622,Q314CY2M,campaign,
623,H9DUXTI8,Discord,
624,8QZKSFF1,YouTube,
625,4AIZLTVQ,X,2025-08-16 12:49:02.792025+00:00
626,FF43YOQF,android,
627,JPCGUUXL,X,2025-08-25 05:32:02.792025+00:00
628,YYLXO1XO,ios,
629,QV4NNX0N,partner,2025-08-21 00:27:02.792025+00:00
630,MVCY22B8,YouTube,
631,2SVGKOWZ,android,
632,GMW8WCY4,android,
633,GT7H2ZRE,ios,2025-09-02 20:09:02.792025+00:00
634,2V8BKI6L,web,
635,QNNOOBQ1,campaign,
636,HFNNLGDI,X,2025-07-03 11:11:02.792025+00:00
637,GIPC5M6A,ios,
638,00PNNULK,partner,
639,BONYFUOX,X,2025-07-12 16:37:02.792025+00:00
640,D7WL5YE4,Discord,2025-08-09 22:40:02.792025+00:00
641,6PH42POM,web,2025-06-01 11:41:02.792025+00:00
642,T7ED4QT3,campaign,2025-08-18 10:30:02.792025+00:00
643,7CB11AR5,ios,2025-06-18 19:20:02.792025+00:00
644,9NJM2U13,ios,
645,4DZAFSRU,ios,
646,S19OKC66,campaign,
647,AMPRN8QJ,ios,2025-05-25 00:22:02.792025+00:00
648,BZOQYGH6,android,2025-06-10 18:42:02.792025+00:00
649,WSF6PUNX,ios,2025-08-15 12:36:02.792025+00:00
650,283FUJIA,android,2025-08-11 02:46:02.792025+00:00
651,6GRD0INC,YouTube,2025-07-19 06:35:02.792025+00:00
652,L5WK4E35,partner,2025-06-07 17:27:02.792025+00:00
653,JVG0FSMU,android,
654,SEJUF1NB,campaign,
655,RKAK1CNE,campaign,
656,E50HX378,web,2025-05-16 20:59:02.792025+00:00
657,6DV7BOXN,X,2025-06-24 22:31:02.792025+00:00
658,US1V5WQI,X,2025-07-13 19:51:02.792025+00:00
659,6222O5XX,campaign,2025-08-21 08:27:02.792025+00:00
660,GLD3TD9X,campaign,2025-08-17 22:32:02.792025+00:00
661,DMNFKZQJ,YouTube,
662,5CHRTY2U,partner,
663,DGT7HHAC,android,
664,P35F948O,android,
665,303KVRSR,ios,2025-05-31 17:07:02.792025+00:00
666,A0O88BQA,Discord,
667,QA7JO2Y2,android,
668,VBBR7SDU,android,
669,GXBNNUAW,X,
670,987USE8W,campaign,
671,SGAE8IZ1,campaign,
672,R7NAWIPI,ios,2025-05-22 04:32:02.792025+00:00
673,28XIJSH5,android,2025-06-11 04:52:02.792025+00:00
674,SEBFOCCJ,YouTube,2025-07-12 13:23:02.792025+00:00
675,JQJD5R3K,partner,2025-08-23 10:07:02.792025+00:00
676,AULFRYSP,ios,
677,0OGO3XSR,Discord,2025-07-18 09:50:02.792025+00:00
678,NH7JCDTI,partner,2025-08-29 20:27:02.792025+00:00
679,V1Y1ZM4Y,YouTube,2025-06-15 16:41:02.792025+00:00
680,ZT2FVNS8,android,
681,0P0XTFNI,campaign,2025-09-12 00:15:02.792025+00:00
682,NMZPZ4D6,Discord,2025-07-09 13:09:02.792025+00:00
683,5MSOEM9A,X,
684,W0HK628T,ios,2025-08-01 14:55:02.792025+00:00
685,8UWM51ZJ,YouTube,
686,TWQKAZVY,X,
687,UWYKH84B,YouTube,
688,IO08UR08,ios,
689,2QULJNNP,ios,2025-08-06 16:35:02.792025+00:00
690,T6OTQQ8M,ios,
691,AXONMTH3,web,2025-05-25 10:31:02.792025+00:00
692,4LUEH2HC,Discord,
693,S6U1JTYU,X,2025-09-06 10:16:02.792025+00:00
694,INCDFU7D,campaign,
695,68UIJ23L,campaign,
696,VKQ5U5W6,Discord,2025-06-30 05:26:02.792025+00:00
697,1XO3V2KX,partner,2025-05-31 05:40:02.792025+00:00
698,9VMYBJY5,partner,2025-07-12 15:40:02.792025+00:00
699,109QZ4KF,campaign,2025-08-31 11:19:02.792025+00:00
700,OZS1QB16,android,2025-05-23 21:49:02.792025+00:00
701,LJL4GKJX,web,
702,ZFECPG24,campaign,2025-05-23 19:29:02.792025+00:00
703,RP6ZEJF2,Discord,
704,CNZWYO1C,web,
705,6KV7TKGG,ios,2025-07-26 03:38:02.792025+00:00
706,4KNZBTPF,android,
707,W2IR1DJ7,Discord,2025-07-03 18:34:02.792025+00:00
708,P4OBSLOY,campaign,
709,0WNIQ2TJ,campaign,2025-05-29 22:33:02.792025+00:00
710,WZNQ3R95,YouTube,2025-05-21 11:55:02.792025+00:00
711,BUCC8LFI,android,2025-05-23 18:56:02.792025+00:00
712,4Y1IO345,YouTube,2025-06-06 19:02:02.792025+00:00
713,3DDIPL4S,web,
714,S9DSOXB4,web,2025-08-10 04:06:02.792025+00:00
715,EOFSXMOH,Discord,2025-08-08 18:50:02.792025+00:00
716,B9FCMT10,YouTube,
717,OJ0HA8K6,ios,
718,DK616O85,partner,2025-05-26 01:42:02.792025+00:00
719,CP9CTRT6,web,2025-06-16 10:03:02.792025+00:00
720,O1GHYYVA,YouTube,
721,RNEVS9OO,Discord,
722,XI7CVQDC,android,2025-09-08 18:54:02.792025+00:00
723,BLDW5TSQ,android,
724,JN0PQE5I,ios,2025-05-24 06:59:02.792025+00:00
725,ZTLYT1EI,partner,
726,HMJSN1UL,android,
727,3UZHMRP9,ios,
728,H36QG89X,partner,2025-07-15 09:36:02.792025+00:00
729,AEL3DBOI,Discord,
730,6Q37TJDO,Discord,
731,1SRHK4SV,android,
732,MT0QAGWO,X,2025-06-20 09:51:02.792025+00:00
733,DMVS9UQS,ios,
734,55LA6LE7,X,2025-06-13 04:18:02.792025+00:00
735,KSXK5NPA,android,
736,3PVAV49M,campaign,2025-05-29 05:45:02.792025+00:00
737,L7982GXT,ios,
738,AB0F20J1,Discord,
739,Y2VDO71A,android,2025-09-10 00:37:02.792025+00:00
740,7QIF1GGD,Discord,
741,MFTHBY9I,web,
742,HCN09OV8,campaign,2025-07-20 17:40:02.792025+00:00
743,RNXBYFBK,ios,2025-06-04 12:18:02.792025+00:00
744,MU3O32RE,X,2025-09-02 16:47:02.792025+00:00
745,1XVRSB24,partner,
746,0XMREARM,YouTube,2025-06-02 14:56:02.792025+00:00
747,6AN10HVN,X,
748,MRNE6MIY,campaign,2025-05-28 05:38:02.792025+00:00
749,NG06E21L,web,
750,I5KL6RWV,ios,2025-06-09 21:35:02.792025+00:00
751,YJ2IPGDV,ios,2025-05-19 00:48:02.792025+00:00
752,FXNMBLQX,X,
753,BS49TODF,X,2025-08-16 12:39:02.792025+00:00
754,HGYTOF5R,partner,
755,MGFQNO3D,X,
756,TCB7BMQM,ios,
757,LZIU2FNG,YouTube,
758,V27JO25X,partner,
759,OE8YBWJ5,ios,2025-06-18 09:33:02.792025+00:00
760,5PJURHBD,android,2025-07-05 22:43:02.792025+00:00
761,F0CXDAZH,partner,2025-05-25 09:22:02.792025+00:00
762,5SRT7070,android,2025-05-31 21:52:02.792025+00:00
763,M0CEM46X,ios,2025-06-30 20:37:02.792025+00:00
764,VPL0JT98,android,2025-07-31 10:56:02.792025+00:00
765,EN1JKHMM,ios,2025-07-16 21:35:02.792025+00:00
766,L1WVRSGV,X,
767,8Y2UWEB5,partner,
768,X0P4W18S,web,
769,SZBH47CV,campaign,
770,ARNJ03Q7,X,2025-09-08 10:28:02.792025+00:00
771,LA871LUO,android,
772,TO7PN7L7,Discord,
773,4P3RPQL8,campaign,
774,3J5DQHNO,YouTube,2025-07-19 22:20:02.792025+00:00
775,NM6LYS2G,android,2025-07-18 12:13:02.792025+00:00
776,CAN8G6Z9,web,
777,1UQNCCCD,android,2025-05-24 04:26:02.792025+00:00
778,V4WV8SQ1,X,
779,FMGQX4YH,Discord,
780,MO91FVRP,Discord,
781,4POMFT41,X,2025-08-16 12:42:02.792025+00:00
782,QLTTVCZ1,android,
783,FU08XYYN,android,2025-07-03 02:07:02.792025+00:00
784,R4OTUTGU,X,
785,4Z62D9JH,campaign,
786,IOV43DVV,android,
787,D5809Q9M,android,2025-07-20 07:36:02.792025+00:00
788,O78LNV8F,X,
789,91D8058W,web,2025-05-18 15:42:02.792025+00:00
790,YCGYAOYW,web,2025-06-17 05:06:02.792025+00:00
791,04HFVALU,YouTube,2025-06-06 12:11:02.792025+00:00
792,7ZFABOMV,web,
793,HD96BYHA,ios,
794,NB32B2II,X,
795,30N0PLXX,partner,
796,9XI04INW,YouTube,
797,SYL7U8AD,partner,
798,RBSFF7IX,web,
799,OUF8YKPM,ios,
800,2TCHRKE2,Discord,2025-06-02 02:11:02.792025+00:00
801,F7KOLX8J,web,
802,6SXKJU7Q,campaign,2025-05-24 02:25:02.792025+00:00
803,DELU5F1L,android,2025-05-30 22:08:02.792025+00:00
804,47JQ6D0S,android,
805,UKJBTZGN,X,2025-09-05 20:40:02.792025+00:00
806,KARGTJKE,campaign,
807,RZ3OY17O,campaign,
808,U024OEL2,android,2025-08-20 12:55:02.792025+00:00
809,JLYB19S1,partner,
810,D5606R1V,YouTube,2025-09-09 01:57:02.792025+00:00
811,KO1UEY1F,web,
812,TI9DJT0Z,ios,2025-07-11 11:37:02.792025+00:00
813,V3U3INKS,campaign,2025-06-30 15:12:02.792025+00:00
814,HBMO37V9,campaign,
815,O332KZD0,web,
816,BTO3HYRD,Discord,2025-06-04 13:57:02.792025+00:00
817,X65AHX13,campaign,
818,AUV3SA8R,ios,2025-07-31 10:00:02.792025+00:00
819,JIOGBI4B,Discord,
820,W8HYK0PY,X,2025-05-22 03:21:02.792025+00:00
821,P2HF5DII,partner,
822,9JNWHVOL,android,2025-07-19 01:57:02.792025+00:00
823,ZDUSH2VT,android,
824,RRX1K04U,campaign,
825,CWT9PS86,web,2025-05-21 00:50:02.792025+00:00
826,YR1JA29H,partner,
827,CIU24JKM,web,2025-06-09 22:55:02.792025+00:00
828,D9CBC8OJ,web,2025-07-12 06:50:02.792025+00:00
829,CA8R3YLE,partner,
830,2O0J9L8T,YouTube,2024-04-17 18:40:32+00:00
831,U97IC3WP,X,
832,9HNILBNS,web,
833,RQ6BWQQ5,ios,
834,CUR2ARUP,partner,
835,M0I3NY0K,campaign,
836,98AZ6ZOZ,X,2025-07-28 11:52:02.792025+00:00
837,2MCPNHLX,YouTube,
838,1HGAL3JH,campaign,
839,US3W3W9C,web,2025-07-12 11:43:02.792025+00:00
840,GDV3UCBN,web,
841,IRYSAWL2,ios,2025-05-16 23:58:02.792025+00:00
842,KAS6KAYR,YouTube,
843,XSYORH4A,android,
844,0Q101W1S,ios,2025-06-04 18:38:02.792025+00:00
845,FONUHXW7,YouTube,
846,TWLFSAJJ,Discord,
847,UUR1LXDZ,partner,
848,BALEC1PD,X,
849,TB3CDZCL,YouTube,2025-06-07 08:34:02.792025+00:00
850,QHKESM84,YouTube,2025-05-26 06:22:02.792025+00:00
851,F8VEE2IN,Discord,2025-08-03 13:56:02.792025+00:00
852,Q0QJOCYE,ios,
853,2Q1C04IM,Discord,2025-06-18 16:42:02.792025+00:00
854,AQ2QITYD,X,
855,I6J1YV31,X,2025-06-12 15:30:02.792025+00:00
856,0HUF5H93,campaign,
857,P30K4W9K,Discord,
858,Y4FKEFZB,X,
859,1353CJFA,Discord,2025-08-08 02:57:02.792025+00:00
860,UJS6I756,X,2025-08-26 05:19:02.792025+00:00
861,Y8H1JR47,Discord,
862,FEL9PUAM,partner,
863,SHRWTBX9,YouTube,
864,WRPCPBLL,partner,
865,3EHY1XLF,Discord,2025-05-17 07:12:02.792025+00:00
866,7TSB5KTQ,Discord,
867,3QCF3U80,X,
868,X0RRUPNK,campaign,2025-07-03 04:12:02.792025+00:00
869,EUI2GNNE,partner,
870,060URB7Z,ios,2025-08-05 02:04:02.792025+00:00
871,A8Q29PBZ,YouTube,
872,66CK2K98,campaign,
873,HXOOO12I,campaign,
874,VJIBUCZY,YouTube,
875,NM6M1YR0,Discord,2025-06-29 01:23:02.792025+00:00
876,ELOGUEF6,ios,
877,ECLYGEMI,partner,2025-09-10 03:30:02.792025+00:00
878,AH9YVJT0,YouTube,
879,TIYUF7W0,Discord,
880,MP35XS72,Discord,2025-07-21 06:04:02.792025+00:00
881,1M2AUT4Z,Discord,
882,MX0IASGG,Discord,
883,JWO0X9EJ,X,2025-07-01 07:44:02.792025+00:00
884,D4CUK74H,campaign,
885,SPJ2GUSG,ios,
886,PVKY2NM2,campaign,
887,V6S7RITB,YouTube,2025-06-03 02:18:02.792025+00:00
888,Q45IDK19,web,
889,1J7E6YYA,Discord,
890,QYRXALSO,campaign,2025-08-23 10:34:02.792025+00:00
891,L4RT3TX4,X,
892,FWFMLV7K,ios,
893,VHYUM7LT,X,
894,MUL6AGNS,partner,
895,U3BPADBG,campaign,
896,7E72N4WN,YouTube,
897,GSEJIE6G,campaign,
898,WHIGJQ9C,X,2025-07-18 15:56:02.792025+00:00
899,7ARXP4FP,ios,2025-05-18 06:30:02.792025+00:00
900,VB1COIIP,YouTube,
901,SYT8JEU2,X,
902,X5F5G90W,ios,2025-05-30 04:54:02.792025+00:00
903,0IU68RMO,android,
904,JJ0OBKHF,partner,
905,UIUV9BTJ,YouTube,
906,MABP3K06,X,
907,9LUIVNS8,Discord,2025-07-06 04:16:02.792025+00:00
908,T09DOQJV,Discord,
909,V6XETUT4,partner,
910,ZRVZAIOH,YouTube,
911,0XQPMUG0,ios,
912,FAHPWRKQ,partner,2025-07-06 11:21:02.792025+00:00
913,ZESGIU3X,ios,
914,GZ6IAUJ4,web,2025-07-07 05:16:02.792025+00:00
915,H3GJPWYP,Discord,
916,FJIYDYF5,Discord,
917,07VHZVPJ,campaign,2025-06-16 14:52:02.792025+00:00
918,KXRDGW23,web,
919,J4UW6TET,web,2025-05-26 02:46:02.792025+00:00
920,G92OKS0T,web,2025-06-10 06:27:02.792025+00:00
921,BRSH4SGR,YouTube,
922,8DYEIAU6,ios,
923,XATGCSX2,android,2025-07-10 07:28:02.792025+00:00
924,Q59GPMSP,Discord,
925,G12Y2EIH,X,2025-08-27 10:35:02.792025+00:00
926,BJ9MO3Y3,Discord,
927,J9ONV17Z,android,
928,607LGCA8,campaign,
929,NCSZJNIS,ios,2025-06-02 04:05:02.792025+00:00
930,VNK0RWOZ,Discord,2025-07-22 03:27:02.792025+00:00
931,QD3ONRNB,web,
932,W5KS3BDU,YouTube,2025-05-24 08:46:02.792025+00:00
933,Q4IQL772,campaign,
934,F3QWBB0Q,Discord,
935,V1CR55LS,partner,
936,QC548UFK,ios,
937,QL7V8VGS,Discord,
938,UIMHMWR8,YouTube,2025-07-08 18:36:02.792025+00:00
939,XDYXPY8A,partner,2025-05-23 11:32:02.792025+00:00
940,M08PVYOR,android,2025-05-20 05:48:02.792025+00:00
941,YCHHF7D5,android,
942,0JB73GRM,partner,
943,9T81S8YO,android,
944,MJH8LB5S,android,2025-06-10 04:48:02.792025+00:00
945,TFR38U5E,android,
946,WKQD7GUG,web,
947,TM30OI62,X,2025-08-24 17:23:02.792025+00:00
948,W8GR0XES,ios,
949,DV4QP5NH,ios,2025-05-16 11:44:02.792025+00:00
950,NTTQFX3C,ios,
951,MNL1LESH,X,
952,A2KE0EQV,partner,2025-05-20 03:31:02.792025+00:00
953,LQY375L6,android,
954,3WBKH5GX,partner,2025-09-07 12:49:02.792025+00:00
955,EFI33JK9,web,2025-06-29 14:01:02.792025+00:00
956,R8IL0HR9,android,
957,H64HQ6GI,ios,
958,KMXOOPWY,Discord,
959,QI6KBI54,web,
960,HGX075P5,partner,2025-06-09 04:16:02.792025+00:00
961,I6ED5UY7,Discord,
962,C5H9E2A2,Discord,
963,DEU6B73J,campaign,
964,H4J84NET,ios,2025-09-04 00:31:02.792025+00:00
965,IRVUC295,android,2025-06-20 05:55:02.792025+00:00
966,VC8MP364,ios,
967,FMRNQ1OC,YouTube,
968,XBPGNDGI,android,
969,ZFPAGQ56,YouTube,
970,Z41LTJJ1,YouTube,
971,D9SRAV7U,X,2025-05-26 13:32:02.792025+00:00
972,JXQ5W9GY,android,2025-07-27 12:28:02.792025+00:00
973,75FGEBLL,X,
974,J5QHMEX1,partner,
975,BO53A40Z,YouTube,
976,4SL4IVZ3,YouTube,2025-06-18 17:42:02.792025+00:00
977,6DX54VKG,Discord,
978,TT3JIY01,partner,
979,VUALVYFM,Discord,2025-07-24 05:14:02.792025+00:00
980,R6QCMFXW,android,2025-06-19 12:16:02.792025+00:00
981,8JHHCEL2,partner,
982,ZO3KT6LK,partner,2025-06-12 16:57:02.792025+00:00
983,QVK217BU,YouTube,2025-08-15 01:09:02.792025+00:00
984,TJ790BNR,campaign,
985,QBQN6PHL,web,2025-06-30 22:33:02.792025+00:00
986,B08R72JK,Discord,2025-08-16 07:59:02.792025+00:00
987,0SO4T0V1,Discord,2025-08-23 11:35:02.792025+00:00
988,IGX15PMJ,web,
989,WXAJDZRN,X,
990,RL4FSL0H,YouTube,
991,C4JQ9K1O,web,2025-07-28 19:47:02.792025+00:00
992,JOTF40W4,partner,
993,NIU9PSSZ,Discord,
994,PDJXKHNP,android,
995,YRJC0T63,X,
996,LXVN5T8P,partner,
997,9XBZ8FEQ,ios,2025-06-10 09:56:02.792025+00:00
998,9VIO1W5N,android,2025-05-24 04:50:02.792025+00:00
999,NB5AYDIO,campaign,
1000,OFPIR4MI,YouTube,
