id,affiliate_id,country_code,is_kyc_approved,created_at,updated_at
1,1,DE,True,2024-01-10 17:07:01+00:00,2024-02-08 09:05:26+00:00
2,175,BR,True,2024-02-09 19:19:27+00:00,2024-03-05 08:06:20+00:00
3,2,BR,True,2024-02-13 05:40:50+00:00,2024-02-17 10:58:17+00:00
4,3,GB,True,2024-02-24 04:35:15+00:00,2024-03-05 19:19:09+00:00
5,4,AU,False,2024-03-27 16:28:29+00:00,2024-04-01 05:38:15+00:00
6,,FR,True,2024-04-05 02:33:27+00:00,2024-04-06 13:16:25+00:00
7,5,CA,True,2024-04-16 19:27:32+00:00,2024-04-18 08:29:18+00:00
8,6,BR,True,2024-09-05 07:53:23+00:00,2024-10-01 19:17:16+00:00
9,7,AU,False,2024-10-13 00:24:33+00:00,2024-10-24 07:28:43+00:00
10,8,CA,False,2024-10-14 23:45:05+00:00,2024-11-04 11:19:33+00:00
11,744,BR,True,2025-09-02 08:39:02.792025+00:00,2025-09-02 11:47:02.792025+00:00
12,,DE,True,2025-07-23 06:37:02.792025+00:00,2025-08-05 16:09:02.792025+00:00
13,100,AR,False,2025-08-20 00:58:02.792025+00:00,2025-09-12 10:50:02.792025+00:00
14,719,BR,False,2025-06-16 08:57:02.792025+00:00,2025-07-11 13:27:02.792025+00:00
15,607,AU,True,2025-07-14 00:09:02.792025+00:00,2025-07-25 18:18:02.792025+00:00
16,,MX,False,2025-07-14 18:20:02.792025+00:00,2025-07-18 02:02:02.792025+00:00
17,193,MX,False,2025-06-11 11:46:02.792025+00:00,2025-07-04 01:54:02.792025+00:00
18,67,PH,True,2025-07-09 16:35:02.792025+00:00,2025-08-02 04:57:02.792025+00:00
19,,GB,True,2025-09-01 13:55:02.792025+00:00,2025-09-27 10:58:02.792025+00:00
20,746,CO,True,2025-06-02 07:22:02.792025+00:00,2025-07-01 10:17:02.792025+00:00
21,,PE,True,2025-08-24 09:02:02.792025+00:00,2025-09-10 11:46:02.792025+00:00
22,242,GB,False,2025-09-04 03:56:02.792025+00:00,2025-09-10 11:08:02.792025+00:00
23,,BR,True,2025-06-23 08:33:02.792025+00:00,2025-07-12 18:53:02.792025+00:00
24,,GB,True,2025-07-31 16:01:02.792025+00:00,2025-08-25 23:10:02.792025+00:00
25,498,DE,True,2025-07-09 23:31:02.792025+00:00,2025-07-28 17:49:02.792025+00:00
26,,BR,False,2025-05-25 09:21:02.792025+00:00,2025-06-23 15:14:02.792025+00:00
27,61,IN,True,2025-07-25 19:24:02.792025+00:00,2025-08-16 21:26:02.792025+00:00
28,964,PE,True,2025-09-03 15:57:02.792025+00:00,2025-09-20 01:52:02.792025+00:00
29,549,AU,True,2025-07-20 00:06:02.792025+00:00,2025-08-17 18:39:02.792025+00:00
30,,US,True,2025-08-04 21:47:02.792025+00:00,2025-09-01 18:11:02.792025+00:00
31,932,AR,False,2025-05-23 16:44:02.792025+00:00,2025-06-05 10:20:02.792025+00:00
32,161,FR,True,2025-06-29 10:25:02.792025+00:00,2025-06-29 23:48:02.792025+00:00
33,206,PH,False,2025-06-12 07:15:02.792025+00:00,2025-06-14 00:37:02.792025+00:00
34,611,BR,True,2025-06-03 17:56:02.792025+00:00,2025-07-03 10:17:02.792025+00:00
35,605,AU,True,2025-08-15 10:51:02.792025+00:00,2025-09-09 16:28:02.792025+00:00
36,791,MX,True,2025-06-05 22:26:02.792025+00:00,2025-07-05 11:39:02.792025+00:00
37,929,PE,True,2025-06-09 08:20:02.792025+00:00,2025-06-30 02:49:02.792025+00:00
38,822,AR,False,2025-07-18 10:18:02.792025+00:00,2025-08-06 17:54:02.792025+00:00
39,,PE,True,2025-07-08 16:13:02.792025+00:00,2025-07-27 07:54:02.792025+00:00
40,141,PH,True,2025-09-08 23:52:02.792025+00:00,2025-10-04 11:25:02.792025+00:00
41,,FR,True,2025-07-22 11:11:02.792025+00:00,2025-08-06 23:15:02.792025+00:00
42,310,CA,False,2025-06-02 13:40:02.792025+00:00,2025-06-05 15:49:02.792025+00:00
43,914,BR,True,2025-07-06 12:00:02.792025+00:00,2025-07-07 03:59:02.792025+00:00
44,549,AU,True,2025-09-02 13:48:02.792025+00:00,2025-09-15 10:34:02.792025+00:00
45,868,PE,True,2025-07-03 02:29:02.792025+00:00,2025-07-24 05:52:02.792025+00:00
46,564,DE,True,2025-05-18 22:04:02.792025+00:00,2025-05-22 06:51:02.792025+00:00
47,,FR,True,2025-05-16 06:45:02.792025+00:00,2025-06-12 07:55:02.792025+00:00
48,50,DE,True,2025-06-07 01:50:02.792025+00:00,2025-06-12 02:32:02.792025+00:00
49,473,DE,True,2025-05-25 20:11:02.792025+00:00,2025-06-07 19:56:02.792025+00:00
50,825,ES,False,2025-08-28 13:51:02.792025+00:00,2025-09-18 01:41:02.792025+00:00
51,656,DE,True,2025-05-16 11:17:02.792025+00:00,2025-05-20 19:48:02.792025+00:00
52,133,PH,True,2025-07-24 07:41:02.792025+00:00,2025-08-08 14:16:02.792025+00:00
53,211,CL,True,2025-08-04 02:41:02.792025+00:00,2025-08-26 02:12:02.792025+00:00
54,855,ES,True,2025-06-12 09:53:02.792025+00:00,2025-06-18 15:56:02.792025+00:00
55,980,MX,True,2025-06-18 23:21:02.792025+00:00,2025-06-22 16:46:02.792025+00:00
56,,CL,True,2025-05-23 23:34:02.792025+00:00,2025-06-06 06:22:02.792025+00:00
57,,CA,True,2025-07-15 16:31:02.792025+00:00,2025-07-21 18:12:02.792025+00:00
58,753,DE,True,2025-08-15 19:59:02.792025+00:00,2025-08-30 12:22:02.792025+00:00
59,,BR,True,2025-07-02 18:32:02.792025+00:00,2025-07-09 18:34:02.792025+00:00
60,,GB,False,2025-08-03 00:24:02.792025+00:00,2025-08-17 16:37:02.792025+00:00
61,99,IN,True,2025-07-31 05:25:02.792025+00:00,2025-08-10 11:25:02.792025+00:00
62,,US,False,2025-07-20 20:51:02.792025+00:00,2025-07-25 14:45:02.792025+00:00
63,,CO,True,2025-08-12 08:32:02.792025+00:00,2025-09-07 03:00:02.792025+00:00
64,,CL,True,2025-06-10 16:26:02.792025+00:00,2025-06-26 09:48:02.792025+00:00
65,,DE,False,2025-09-04 00:55:02.792025+00:00,2025-09-15 01:30:02.792025+00:00
66,620,AR,True,2025-08-28 16:17:02.792025+00:00,2025-09-09 09:10:02.792025+00:00
67,830,IN,True,2025-06-18 19:53:02.792025+00:00,2025-07-08 19:38:02.792025+00:00
68,641,IN,False,2025-07-09 22:59:02.792025+00:00,2025-08-08 04:48:02.792025+00:00
69,595,ES,True,2025-09-10 09:01:02.792025+00:00,2025-09-10 15:35:02.792025+00:00
70,468,CL,True,2025-06-25 16:51:02.792025+00:00,2025-07-22 12:22:02.792025+00:00
71,,CO,True,2025-08-27 13:12:02.792025+00:00,2025-08-29 17:02:02.792025+00:00
72,245,IN,True,2025-06-30 01:12:02.792025+00:00,2025-07-16 17:03:02.792025+00:00
73,281,PH,True,2025-06-11 02:14:02.792025+00:00,2025-07-10 20:21:02.792025+00:00
74,,PE,True,2025-08-21 19:18:02.792025+00:00,2025-08-27 20:11:02.792025+00:00
75,746,ES,True,2025-06-24 00:45:02.792025+00:00,2025-07-13 14:02:02.792025+00:00
76,70,CA,False,2025-06-09 23:08:02.792025+00:00,2025-07-07 12:57:02.792025+00:00
77,,FR,True,2025-05-17 13:17:02.792025+00:00,2025-06-01 20:33:02.792025+00:00
78,85,MX,True,2025-07-01 13:03:02.792025+00:00,2025-07-04 10:04:02.792025+00:00
79,397,FR,True,2025-08-25 04:13:02.792025+00:00,2025-09-18 08:07:02.792025+00:00
80,775,PH,True,2025-07-18 08:26:02.792025+00:00,2025-08-08 17:10:02.792025+00:00
81,,CA,True,2025-08-10 15:33:02.792025+00:00,2025-08-24 11:55:02.792025+00:00
82,658,ES,True,2025-07-22 04:43:02.792025+00:00,2025-08-16 09:17:02.792025+00:00
83,590,ES,True,2025-07-09 15:52:02.792025+00:00,2025-07-19 11:34:02.792025+00:00
84,535,BR,True,2025-05-21 19:16:02.792025+00:00,2025-06-17 21:09:02.792025+00:00
85,111,DE,True,2025-06-03 16:41:02.792025+00:00,2025-06-29 04:25:02.792025+00:00
86,,BR,False,2025-07-31 07:24:02.792025+00:00,2025-08-17 09:12:02.792025+00:00
87,332,CL,True,2025-07-09 23:52:02.792025+00:00,2025-07-30 16:08:02.792025+00:00
88,,BR,True,2025-08-07 00:37:02.792025+00:00,2025-08-26 19:35:02.792025+00:00
89,80,CL,True,2025-08-29 20:29:02.792025+00:00,2025-09-27 16:52:02.792025+00:00
90,759,CL,False,2025-06-17 09:47:02.792025+00:00,2025-07-10 09:20:02.792025+00:00
91,,US,False,2025-08-06 00:38:02.792025+00:00,2025-08-26 16:45:02.792025+00:00
92,751,FR,True,2025-05-18 21:42:02.792025+00:00,2025-06-04 16:09:02.792025+00:00
93,259,PE,True,2025-08-27 13:55:02.792025+00:00,2025-08-30 02:03:02.792025+00:00
94,,AU,False,2025-08-06 07:19:02.792025+00:00,2025-08-19 05:13:02.792025+00:00
95,293,MX,False,2025-05-20 19:37:02.792025+00:00,2025-05-23 11:04:02.792025+00:00
96,318,FR,True,2025-06-28 20:15:02.792025+00:00,2025-07-04 17:27:02.792025+00:00
97,,MX,False,2025-05-27 21:05:02.792025+00:00,2025-06-22 02:44:02.792025+00:00
98,890,GB,True,2025-08-22 23:16:02.792025+00:00,2025-09-18 11:11:02.792025+00:00
99,489,ES,False,2025-08-08 16:47:02.792025+00:00,2025-09-07 10:17:02.792025+00:00
100,763,PE,True,2025-08-25 05:49:02.792025+00:00,2025-08-26 10:40:02.792025+00:00
101,449,DE,False,2025-06-03 05:51:02.792025+00:00,2025-06-15 10:55:02.792025+00:00
102,699,IN,True,2025-08-30 14:46:02.792025+00:00,2025-09-03 14:14:02.792025+00:00
103,,AR,True,2025-09-10 08:42:02.792025+00:00,2025-10-06 19:07:02.792025+00:00
104,529,IN,True,2025-07-25 18:15:02.792025+00:00,2025-07-31 22:36:02.792025+00:00
105,,MX,True,2025-06-16 09:18:02.792025+00:00,2025-07-13 17:15:02.792025+00:00
106,279,AR,True,2025-09-12 04:44:02.792025+00:00,2025-09-12 14:16:02.792025+00:00
107,877,AR,False,2025-09-10 00:17:02.792025+00:00,2025-09-23 15:14:02.792025+00:00
108,709,AU,True,2025-05-28 23:33:02.792025+00:00,2025-06-08 21:42:02.792025+00:00
109,,US,False,2025-07-30 12:50:02.792025+00:00,2025-08-19 12:30:02.792025+00:00
110,770,CL,True,2025-09-07 22:31:02.792025+00:00,2025-09-19 14:09:02.792025+00:00
111,949,PE,False,2025-05-16 08:34:02.792025+00:00,2025-05-27 01:21:02.792025+00:00
112,,IN,True,2025-07-15 15:12:02.792025+00:00,2025-08-06 22:55:02.792025+00:00
113,249,ES,True,2025-05-24 02:53:02.792025+00:00,2025-06-21 23:27:02.792025+00:00
114,92,AU,True,2025-08-11 00:04:02.792025+00:00,2025-09-06 05:17:02.792025+00:00
115,,CA,True,2025-05-20 00:18:02.792025+00:00,2025-06-10 02:51:02.792025+00:00
116,583,FR,True,2025-05-24 10:34:02.792025+00:00,2025-05-28 09:55:02.792025+00:00
117,327,CA,False,2025-07-24 22:26:02.792025+00:00,2025-07-29 19:10:02.792025+00:00
118,436,MX,True,2025-09-09 10:03:02.792025+00:00,2025-09-21 17:20:02.792025+00:00
119,235,PE,True,2025-06-06 00:05:02.792025+00:00,2025-06-08 16:17:02.792025+00:00
120,399,GB,True,2025-07-06 04:58:02.792025+00:00,2025-07-27 16:10:02.792025+00:00
121,,BR,True,2025-05-19 20:00:02.792025+00:00,2025-06-13 03:45:02.792025+00:00
122,394,US,False,2025-07-13 11:19:02.792025+00:00,2025-07-29 18:11:02.792025+00:00
123,,MX,False,2025-07-12 20:21:02.792025+00:00,2025-07-29 23:36:02.792025+00:00
124,,CA,True,2025-07-16 02:38:02.792025+00:00,2025-07-30 15:49:02.792025+00:00
125,,DE,True,2025-08-26 12:01:02.792025+00:00,2025-09-11 22:44:02.792025+00:00
126,,AR,True,2025-06-18 23:51:02.792025+00:00,2025-07-08 12:08:02.792025+00:00
127,,CA,True,2025-09-12 04:02:02.792025+00:00,2025-09-20 09:12:02.792025+00:00
128,,FR,False,2025-08-22 04:50:02.792025+00:00,2025-09-11 03:21:02.792025+00:00
129,351,IN,False,2025-07-23 16:00:02.792025+00:00,2025-08-15 07:19:02.792025+00:00
130,743,PH,True,2025-06-04 02:48:02.792025+00:00,2025-07-02 00:23:02.792025+00:00
131,593,PH,False,2025-08-09 07:19:02.792025+00:00,2025-08-24 09:56:02.792025+00:00
132,475,MX,True,2025-07-19 21:38:02.792025+00:00,2025-08-08 12:34:02.792025+00:00
133,113,CA,False,2025-06-13 12:41:02.792025+00:00,2025-06-22 09:04:02.792025+00:00
134,,CL,True,2025-06-14 12:45:02.792025+00:00,2025-07-10 20:41:02.792025+00:00
135,571,PE,True,2025-08-29 18:15:02.792025+00:00,2025-09-12 22:56:02.792025+00:00
136,,DE,False,2025-08-30 11:35:02.792025+00:00,2025-09-04 17:56:02.792025+00:00
137,176,DE,True,2025-08-11 16:20:02.792025+00:00,2025-08-21 22:53:02.792025+00:00
138,315,PE,True,2025-08-11 21:33:02.792025+00:00,2025-08-16 08:16:02.792025+00:00
139,415,AU,True,2025-06-04 07:38:02.792025+00:00,2025-06-22 15:27:02.792025+00:00
140,142,MX,True,2025-05-31 01:38:02.792025+00:00,2025-06-16 08:08:02.792025+00:00
141,390,US,False,2025-08-01 23:43:02.792025+00:00,2025-08-23 15:16:02.792025+00:00
142,267,CO,True,2025-08-05 19:47:02.792025+00:00,2025-09-02 21:03:02.792025+00:00
143,850,IN,True,2025-05-26 05:07:02.792025+00:00,2025-06-20 13:17:02.792025+00:00
144,860,PE,True,2025-08-25 20:24:02.792025+00:00,2025-08-27 12:57:02.792025+00:00
145,5,PE,True,2025-07-21 00:27:02.792025+00:00,2025-07-26 04:40:02.792025+00:00
146,603,DE,True,2025-06-20 01:54:02.792025+00:00,2025-07-19 07:12:02.792025+00:00
147,641,PE,True,2025-06-06 01:57:02.792025+00:00,2025-06-22 06:45:02.792025+00:00
148,378,GB,True,2025-07-13 10:53:02.792025+00:00,2025-07-16 10:54:02.792025+00:00
149,470,CO,True,2025-06-05 19:36:02.792025+00:00,2025-06-06 06:58:02.792025+00:00
150,790,MX,False,2025-06-16 06:13:02.792025+00:00,2025-06-29 07:09:02.792025+00:00
151,378,PH,True,2025-07-11 02:11:02.792025+00:00,2025-07-21 08:44:02.792025+00:00
152,,PE,True,2025-05-29 21:33:02.792025+00:00,2025-06-16 21:25:02.792025+00:00
153,,MX,True,2025-06-27 13:31:02.792025+00:00,2025-07-18 11:33:02.792025+00:00
154,,CL,True,2025-08-11 02:03:02.792025+00:00,2025-08-16 07:12:02.792025+00:00
155,65,CL,True,2025-05-24 14:39:02.792025+00:00,2025-06-15 22:05:02.792025+00:00
156,373,AR,True,2025-09-01 07:13:02.792025+00:00,2025-09-26 18:20:02.792025+00:00
157,254,AR,True,2025-07-26 05:02:02.792025+00:00,2025-08-02 01:17:02.792025+00:00
158,,FR,False,2025-06-04 06:59:02.792025+00:00,2025-06-21 02:14:02.792025+00:00
159,,US,False,2025-08-15 03:43:02.792025+00:00,2025-08-28 06:44:02.792025+00:00
160,,AR,True,2025-07-05 08:31:02.792025+00:00,2025-07-25 11:30:02.792025+00:00
161,,ES,True,2025-07-01 08:32:02.792025+00:00,2025-07-20 18:32:02.792025+00:00
162,383,GB,True,2025-06-05 14:22:02.792025+00:00,2025-06-29 11:14:02.792025+00:00
163,,PH,True,2025-05-19 06:39:02.792025+00:00,2025-06-01 03:49:02.792025+00:00
164,,PH,True,2025-06-10 17:59:02.792025+00:00,2025-06-13 20:33:02.792025+00:00
165,231,AR,True,2025-08-14 20:50:02.792025+00:00,2025-09-13 10:36:02.792025+00:00
166,,GB,True,2025-07-22 15:45:02.792025+00:00,2025-08-04 19:29:02.792025+00:00
167,150,CO,True,2025-07-02 21:39:02.792025+00:00,2025-07-11 14:07:02.792025+00:00
168,,DE,True,2025-07-14 18:26:02.792025+00:00,2025-08-08 16:25:02.792025+00:00
169,,MX,True,2025-07-22 18:07:02.792025+00:00,2025-08-04 05:01:02.792025+00:00
170,986,US,False,2025-08-15 20:06:02.792025+00:00,2025-08-19 22:05:02.792025+00:00
171,,FR,True,2025-06-24 05:14:02.792025+00:00,2025-07-07 19:08:02.792025+00:00
172,129,MX,True,2025-06-12 19:21:02.792025+00:00,2025-06-16 05:09:02.792025+00:00
173,,ES,True,2025-05-20 06:52:02.792025+00:00,2025-06-09 02:19:02.792025+00:00
174,,US,True,2025-08-19 07:55:02.792025+00:00,2025-09-16 16:05:02.792025+00:00
175,,CA,True,2025-06-13 12:02:02.792025+00:00,2025-06-25 09:01:02.792025+00:00
176,,CA,True,2025-08-22 09:35:02.792025+00:00,2025-09-11 16:09:02.792025+00:00
177,707,GB,False,2025-07-03 10:33:02.792025+00:00,2025-07-23 14:19:02.792025+00:00
178,718,IN,True,2025-05-26 00:03:02.792025+00:00,2025-06-08 07:24:02.792025+00:00
179,618,PE,True,2025-06-29 00:57:02.792025+00:00,2025-07-28 01:47:02.792025+00:00
180,912,MX,False,2025-07-06 01:12:02.792025+00:00,2025-07-31 07:56:02.792025+00:00
181,5,MX,False,2025-06-18 23:56:02.792025+00:00,2025-06-20 15:46:02.792025+00:00
182,302,BR,True,2025-08-23 08:00:02.792025+00:00,2025-09-12 11:24:02.792025+00:00
183,185,BR,False,2025-07-21 08:27:02.792025+00:00,2025-07-22 11:07:02.792025+00:00
184,577,AR,True,2025-05-24 04:31:02.792025+00:00,2025-06-05 07:41:02.792025+00:00
185,,BR,True,2025-06-18 13:04:02.792025+00:00,2025-07-09 14:55:02.792025+00:00
186,636,GB,True,2025-07-12 12:26:02.792025+00:00,2025-08-05 09:25:02.792025+00:00
187,,MX,True,2025-08-28 13:40:02.792025+00:00,2025-09-19 12:19:02.792025+00:00
188,898,DE,True,2025-07-17 16:02:02.792025+00:00,2025-08-14 17:09:02.792025+00:00
189,380,CL,False,2025-06-17 08:53:02.792025+00:00,2025-06-28 03:07:02.792025+00:00
190,236,FR,True,2025-07-12 15:25:02.792025+00:00,2025-07-23 09:06:02.792025+00:00
191,925,ES,True,2025-08-27 04:53:02.792025+00:00,2025-09-20 04:48:02.792025+00:00
192,673,PH,True,2025-06-11 00:25:02.792025+00:00,2025-06-20 08:45:02.792025+00:00
193,765,PE,True,2025-07-16 11:26:02.792025+00:00,2025-07-16 18:17:02.792025+00:00
194,445,AR,True,2025-05-25 08:38:02.792025+00:00,2025-06-02 19:30:02.792025+00:00
195,448,GB,False,2025-06-17 19:13:02.792025+00:00,2025-06-30 15:46:02.792025+00:00
196,390,DE,True,2025-06-06 08:55:02.792025+00:00,2025-06-30 02:24:02.792025+00:00
197,750,PE,True,2025-06-09 18:29:02.792025+00:00,2025-06-10 05:48:02.792025+00:00
198,,GB,True,2025-08-06 23:27:02.792025+00:00,2025-08-28 05:19:02.792025+00:00
199,211,ES,True,2025-09-02 04:45:02.792025+00:00,2025-09-14 22:11:02.792025+00:00
200,,AR,True,2025-06-16 18:02:02.792025+00:00,2025-07-10 14:32:02.792025+00:00
201,,AR,False,2025-08-22 13:57:02.792025+00:00,2025-09-03 23:32:02.792025+00:00
202,,PH,True,2025-07-31 08:30:02.792025+00:00,2025-08-12 00:32:02.792025+00:00
203,,FR,False,2025-08-27 18:12:02.792025+00:00,2025-09-09 03:48:02.792025+00:00
204,976,US,False,2025-09-12 10:00:02.792025+00:00,2025-09-17 21:29:02.792025+00:00
205,176,AU,False,2025-07-25 00:23:02.792025+00:00,2025-08-01 12:58:02.792025+00:00
206,461,FR,True,2025-05-30 11:56:02.792025+00:00,2025-06-26 06:33:02.792025+00:00
207,,CO,True,2025-07-17 13:06:02.792025+00:00,2025-08-01 12:33:02.792025+00:00
208,315,FR,True,2025-07-10 02:56:02.792025+00:00,2025-08-08 13:35:02.792025+00:00
209,643,GB,True,2025-06-18 07:25:02.792025+00:00,2025-07-10 15:37:02.792025+00:00
210,,PH,True,2025-05-19 16:13:02.792025+00:00,2025-06-15 01:10:02.792025+00:00
211,681,ES,False,2025-09-11 19:59:02.792025+00:00,2025-09-18 23:11:02.792025+00:00
212,919,ES,True,2025-06-16 08:28:02.792025+00:00,2025-07-11 15:35:02.792025+00:00
213,,AR,False,2025-07-28 03:18:02.792025+00:00,2025-08-21 05:22:02.792025+00:00
214,790,AR,False,2025-06-22 20:25:02.792025+00:00,2025-07-08 06:41:02.792025+00:00
215,249,DE,False,2025-09-08 00:40:02.792025+00:00,2025-09-21 04:40:02.792025+00:00
216,,IN,True,2025-09-10 11:15:02.792025+00:00,2025-09-12 19:33:02.792025+00:00
217,207,PH,False,2025-07-01 01:03:02.792025+00:00,2025-07-15 20:05:02.792025+00:00
218,887,CA,True,2025-06-02 02:32:02.792025+00:00,2025-06-15 08:26:02.792025+00:00
219,488,DE,False,2025-07-20 23:48:02.792025+00:00,2025-07-28 14:29:02.792025+00:00
220,,ES,False,2025-06-07 22:28:02.792025+00:00,2025-06-21 20:05:02.792025+00:00
221,98,CL,True,2025-08-09 11:28:02.792025+00:00,2025-08-23 01:04:02.792025+00:00
222,,CA,True,2025-09-13 03:06:02.792025+00:00,2025-09-14 07:45:02.792025+00:00
223,,AR,False,2025-06-06 12:41:02.792025+00:00,2025-07-01 20:57:02.792025+00:00
224,825,AR,False,2025-05-20 21:30:02.792025+00:00,2025-06-02 11:40:02.792025+00:00
225,649,PH,False,2025-08-15 01:51:02.792025+00:00,2025-08-16 14:00:02.792025+00:00
226,26,GB,False,2025-05-19 04:57:02.792025+00:00,2025-05-29 08:31:02.792025+00:00
227,,CL,False,2025-06-03 10:28:02.792025+00:00,2025-06-15 21:11:02.792025+00:00
228,783,IN,True,2025-07-22 02:16:02.792025+00:00,2025-07-27 15:18:02.792025+00:00
229,608,AU,True,2025-08-31 00:14:02.792025+00:00,2025-09-22 06:38:02.792025+00:00
230,615,AR,True,2025-07-10 09:20:02.792025+00:00,2025-08-08 00:01:02.792025+00:00
231,,ES,True,2025-09-02 06:48:02.792025+00:00,2025-09-25 08:29:02.792025+00:00
232,865,ES,True,2025-06-07 09:36:02.792025+00:00,2025-06-30 17:40:02.792025+00:00
233,,FR,True,2025-09-11 20:44:02.792025+00:00,2025-10-03 16:02:02.792025+00:00
234,496,AU,True,2025-07-12 03:42:02.792025+00:00,2025-07-19 09:55:02.792025+00:00
235,,GB,True,2025-07-14 01:55:02.792025+00:00,2025-07-15 16:26:02.792025+00:00
236,462,CA,False,2025-09-13 02:13:02.792025+00:00,2025-10-06 12:03:02.792025+00:00
237,618,GB,True,2025-07-19 10:12:02.792025+00:00,2025-07-23 17:47:02.792025+00:00
238,,PH,True,2025-07-31 01:01:02.792025+00:00,2025-08-12 23:00:02.792025+00:00
239,,PE,True,2025-07-29 03:42:02.792025+00:00,2025-08-01 11:56:02.792025+00:00
240,198,CL,True,2025-07-09 08:24:02.792025+00:00,2025-07-28 14:04:02.792025+00:00
241,152,PE,True,2025-05-31 13:29:02.792025+00:00,2025-06-27 11:18:02.792025+00:00
242,844,AU,True,2025-08-14 04:31:02.792025+00:00,2025-08-25 22:25:02.792025+00:00
243,216,DE,True,2025-07-24 13:21:02.792025+00:00,2025-08-16 05:42:02.792025+00:00
244,505,MX,False,2025-08-13 11:39:02.792025+00:00,2025-08-18 12:50:02.792025+00:00
245,,CO,True,2025-08-25 23:40:02.792025+00:00,2025-09-05 02:48:02.792025+00:00
246,270,ES,True,2025-06-22 17:32:02.792025+00:00,2025-07-01 08:51:02.792025+00:00
247,,IN,True,2025-08-29 00:22:02.792025+00:00,2025-09-15 05:23:02.792025+00:00
248,231,ES,True,2025-05-22 20:33:02.792025+00:00,2025-05-23 01:57:02.792025+00:00
249,598,GB,True,2025-07-01 16:57:02.792025+00:00,2025-07-15 11:38:02.792025+00:00
250,,CA,True,2025-07-26 12:00:02.792025+00:00,2025-08-05 18:51:02.792025+00:00
251,803,ES,True,2025-08-25 17:25:02.792025+00:00,2025-09-10 19:08:02.792025+00:00
252,,PH,True,2025-05-22 13:06:02.792025+00:00,2025-05-28 13:58:02.792025+00:00
253,442,DE,True,2025-05-26 02:22:02.792025+00:00,2025-06-10 13:00:02.792025+00:00
254,,FR,True,2025-07-17 15:51:02.792025+00:00,2025-08-04 06:39:02.792025+00:00
255,,CA,True,2025-09-01 13:29:02.792025+00:00,2025-09-13 10:20:02.792025+00:00
256,,DE,True,2025-07-04 10:23:02.792025+00:00,2025-07-31 13:02:02.792025+00:00
257,139,CO,True,2025-07-04 11:34:02.792025+00:00,2025-07-31 16:17:02.792025+00:00
258,245,PE,True,2025-08-14 08:20:02.792025+00:00,2025-08-21 21:02:02.792025+00:00
259,165,MX,True,2025-08-20 16:52:02.792025+00:00,2025-08-21 01:36:02.792025+00:00
260,883,ES,True,2025-07-11 18:34:02.792025+00:00,2025-07-17 06:08:02.792025+00:00
261,320,MX,False,2025-06-08 09:33:02.792025+00:00,2025-07-03 07:43:02.792025+00:00
262,374,ES,True,2025-08-28 05:07:02.792025+00:00,2025-09-03 18:11:02.792025+00:00
263,72,CL,False,2025-06-16 14:44:02.792025+00:00,2025-07-01 00:41:02.792025+00:00
264,447,CO,False,2025-08-14 19:41:02.792025+00:00,2025-09-02 19:25:02.792025+00:00
265,914,US,True,2025-07-28 15:22:02.792025+00:00,2025-08-09 16:55:02.792025+00:00
266,410,ES,False,2025-09-07 01:30:02.792025+00:00,2025-10-04 23:52:02.792025+00:00
267,652,US,True,2025-06-07 01:53:02.792025+00:00,2025-06-16 13:55:02.792025+00:00
268,,IN,True,2025-07-07 19:12:02.792025+00:00,2025-08-02 07:17:02.792025+00:00
269,182,CA,True,2025-06-17 19:41:02.792025+00:00,2025-07-02 17:48:02.792025+00:00
270,143,FR,False,2025-05-28 02:52:02.792025+00:00,2025-06-21 15:02:02.792025+00:00
271,732,MX,True,2025-06-20 06:40:02.792025+00:00,2025-06-24 17:11:02.792025+00:00
272,,CA,True,2025-06-19 23:32:02.792025+00:00,2025-07-10 06:04:02.792025+00:00
273,66,DE,True,2025-06-25 00:21:02.792025+00:00,2025-07-11 16:09:02.792025+00:00
274,449,CL,False,2025-07-14 04:13:02.792025+00:00,2025-07-16 17:53:02.792025+00:00
275,,CO,True,2025-07-21 08:42:02.792025+00:00,2025-08-12 13:50:02.792025+00:00
276,317,ES,True,2025-06-12 10:43:02.792025+00:00,2025-06-29 03:44:02.792025+00:00
277,,CA,True,2025-06-14 17:55:02.792025+00:00,2025-06-16 09:22:02.792025+00:00
278,,CO,True,2025-08-04 02:58:02.792025+00:00,2025-08-11 12:30:02.792025+00:00
279,17,CO,True,2025-06-14 14:37:02.792025+00:00,2025-07-03 14:43:02.792025+00:00
280,532,CL,False,2025-06-19 23:15:02.792025+00:00,2025-06-20 09:58:02.792025+00:00
281,,ES,True,2025-05-25 03:29:02.792025+00:00,2025-06-22 03:37:02.792025+00:00
282,,ES,False,2025-08-19 07:05:02.792025+00:00,2025-09-11 08:52:02.792025+00:00
283,965,PE,True,2025-06-26 23:50:02.792025+00:00,2025-07-11 10:10:02.792025+00:00
284,70,BR,True,2025-06-03 17:48:02.792025+00:00,2025-06-17 19:45:02.792025+00:00
285,816,CO,True,2025-06-04 09:06:02.792025+00:00,2025-06-26 15:42:02.792025+00:00
286,540,CO,True,2025-07-17 15:58:02.792025+00:00,2025-08-10 07:41:02.792025+00:00
287,,US,False,2025-08-07 22:53:02.792025+00:00,2025-08-24 06:17:02.792025+00:00
288,724,FR,True,2025-05-24 02:09:02.792025+00:00,2025-06-13 02:05:02.792025+00:00
289,,CA,True,2025-08-20 20:13:02.792025+00:00,2025-09-17 18:12:02.792025+00:00
290,,PE,True,2025-05-16 13:09:02.792025+00:00,2025-05-23 03:11:02.792025+00:00
291,,US,True,2025-09-12 01:12:02.792025+00:00,2025-09-24 00:24:02.792025+00:00
292,,PE,True,2025-06-04 06:59:02.792025+00:00,2025-07-03 03:48:02.792025+00:00
293,,AU,True,2025-07-08 11:39:02.792025+00:00,2025-07-12 19:18:02.792025+00:00
294,,BR,True,2025-06-09 08:55:02.792025+00:00,2025-07-01 02:54:02.792025+00:00
295,,ES,True,2025-06-18 18:26:02.792025+00:00,2025-06-28 21:43:02.792025+00:00
296,97,GB,False,2025-05-30 19:06:02.792025+00:00,2025-06-04 11:31:02.792025+00:00
297,870,AR,False,2025-08-04 15:39:02.792025+00:00,2025-08-18 03:26:02.792025+00:00
298,12,PE,True,2025-06-22 06:47:02.792025+00:00,2025-07-16 07:11:02.792025+00:00
299,,ES,True,2025-07-23 05:24:02.792025+00:00,2025-08-14 11:58:02.792025+00:00
300,,ES,True,2025-08-29 06:49:02.792025+00:00,2025-09-26 05:44:02.792025+00:00
301,907,FR,True,2025-07-05 15:15:02.792025+00:00,2025-07-20 22:49:02.792025+00:00
302,658,GB,True,2025-07-13 00:42:02.792025+00:00,2025-07-19 05:03:02.792025+00:00
303,338,CO,True,2025-05-16 05:13:02.792025+00:00,2025-06-14 09:43:02.792025+00:00
304,,CO,True,2025-07-28 22:58:02.792025+00:00,2025-08-11 10:28:02.792025+00:00
305,8,PE,True,2025-08-06 22:38:02.792025+00:00,2025-08-27 18:51:02.792025+00:00
306,611,PH,True,2025-07-02 04:58:02.792025+00:00,2025-07-18 23:09:02.792025+00:00
307,,CO,True,2025-07-24 19:51:02.792025+00:00,2025-08-11 06:20:02.792025+00:00
308,,US,True,2025-07-08 03:03:02.792025+00:00,2025-07-12 08:03:02.792025+00:00
309,88,FR,True,2025-08-23 10:21:02.792025+00:00,2025-09-04 11:27:02.792025+00:00
310,609,PE,True,2025-06-19 03:40:02.792025+00:00,2025-06-28 14:46:02.792025+00:00
311,,BR,False,2025-05-30 15:46:02.792025+00:00,2025-06-14 11:19:02.792025+00:00
312,,BR,True,2025-06-26 05:33:02.792025+00:00,2025-07-25 23:03:02.792025+00:00
313,,DE,False,2025-08-09 04:06:02.792025+00:00,2025-08-11 13:54:02.792025+00:00
314,774,ES,True,2025-07-19 06:25:02.792025+00:00,2025-08-09 20:41:02.792025+00:00
315,268,DE,True,2025-07-14 09:39:02.792025+00:00,2025-07-27 20:07:02.792025+00:00
316,239,AR,True,2025-06-27 13:57:02.792025+00:00,2025-07-10 03:50:02.792025+00:00
317,,ES,False,2025-07-24 03:57:02.792025+00:00,2025-07-29 16:22:02.792025+00:00
318,222,IN,True,2025-08-25 20:18:02.792025+00:00,2025-09-01 12:38:02.792025+00:00
319,225,AR,True,2025-05-19 09:14:02.792025+00:00,2025-06-13 21:25:02.792025+00:00
320,,CL,True,2025-09-13 00:15:02.792025+00:00,2025-09-24 22:49:02.792025+00:00
321,,MX,True,2025-07-14 08:34:02.792025+00:00,2025-08-02 18:50:02.792025+00:00
322,,DE,True,2025-05-30 03:34:02.792025+00:00,2025-05-30 03:56:02.792025+00:00
323,114,CO,True,2025-08-04 03:45:02.792025+00:00,2025-08-10 09:25:02.792025+00:00
324,250,BR,True,2025-09-04 08:11:02.792025+00:00,2025-09-25 20:11:02.792025+00:00
325,660,FR,False,2025-08-17 13:54:02.792025+00:00,2025-09-16 02:52:02.792025+00:00
326,303,CO,False,2025-08-12 05:02:02.792025+00:00,2025-09-08 18:17:02.792025+00:00
327,781,AU,True,2025-08-16 02:20:02.792025+00:00,2025-08-26 19:28:02.792025+00:00
328,820,PE,True,2025-05-22 02:03:02.792025+00:00,2025-06-04 08:38:02.792025+00:00
329,761,CL,True,2025-05-24 11:01:02.792025+00:00,2025-06-08 02:58:02.792025+00:00
330,,GB,False,2025-06-26 08:39:02.792025+00:00,2025-07-08 01:32:02.792025+00:00
331,,DE,False,2025-06-16 09:29:02.792025+00:00,2025-07-15 19:21:02.792025+00:00
332,540,PE,True,2025-07-30 02:03:02.792025+00:00,2025-08-07 11:42:02.792025+00:00
333,317,PH,False,2025-08-31 12:18:02.792025+00:00,2025-09-25 16:35:02.792025+00:00
334,930,AU,True,2025-07-22 03:07:02.792025+00:00,2025-08-20 13:03:02.792025+00:00
335,206,BR,True,2025-08-12 10:58:02.792025+00:00,2025-09-07 05:51:02.792025+00:00
336,465,FR,False,2025-06-13 17:36:02.792025+00:00,2025-07-07 15:24:02.792025+00:00
337,454,AR,True,2025-07-01 11:06:02.792025+00:00,2025-07-07 01:20:02.792025+00:00
338,,AU,True,2025-07-25 06:45:02.792025+00:00,2025-07-27 13:56:02.792025+00:00
339,746,BR,True,2025-06-11 06:45:02.792025+00:00,2025-06-12 23:07:02.792025+00:00
340,,AR,True,2025-06-19 13:03:02.792025+00:00,2025-07-08 06:48:02.792025+00:00
341,547,FR,False,2025-08-30 20:38:02.792025+00:00,2025-09-05 04:36:02.792025+00:00
342,800,CA,True,2025-06-01 22:43:02.792025+00:00,2025-06-22 18:33:02.792025+00:00
343,920,US,True,2025-06-23 19:01:02.792025+00:00,2025-07-19 20:47:02.792025+00:00
344,391,GB,False,2025-07-24 07:51:02.792025+00:00,2025-08-05 08:06:02.792025+00:00
345,875,CL,True,2025-06-28 20:07:02.792025+00:00,2025-07-22 23:04:02.792025+00:00
346,,DE,True,2025-07-10 23:56:02.792025+00:00,2025-08-04 03:40:02.792025+00:00
347,170,GB,True,2025-08-21 03:17:02.792025+00:00,2025-08-22 00:22:02.792025+00:00
348,917,AU,True,2025-06-16 12:56:02.792025+00:00,2025-06-29 23:07:02.792025+00:00
349,178,AU,True,2025-07-15 05:15:02.792025+00:00,2025-08-03 11:50:02.792025+00:00
350,851,DE,True,2025-08-03 00:00:02.792025+00:00,2025-08-23 10:17:02.792025+00:00
351,391,FR,True,2025-09-04 01:37:02.792025+00:00,2025-09-12 11:05:02.792025+00:00
352,965,PH,True,2025-07-09 02:48:02.792025+00:00,2025-07-09 10:02:02.792025+00:00
353,,MX,True,2025-05-20 12:00:02.792025+00:00,2025-06-06 15:18:02.792025+00:00
354,130,FR,False,2025-07-21 17:08:02.792025+00:00,2025-07-25 08:52:02.792025+00:00
355,466,CA,True,2025-05-20 09:11:02.792025+00:00,2025-06-01 12:27:02.792025+00:00
356,,US,False,2025-05-18 20:24:02.792025+00:00,2025-06-10 15:00:02.792025+00:00
357,,PH,True,2025-07-28 21:35:02.792025+00:00,2025-07-30 02:25:02.792025+00:00
358,902,FR,True,2025-05-29 05:24:02.792025+00:00,2025-06-09 22:57:02.792025+00:00
359,48,CL,True,2025-05-17 09:25:02.792025+00:00,2025-05-20 04:45:02.792025+00:00
360,266,ES,True,2025-06-30 11:33:02.792025+00:00,2025-07-09 14:33:02.792025+00:00
361,84,ES,True,2025-06-02 21:26:02.792025+00:00,2025-06-27 23:30:02.792025+00:00
362,322,PH,False,2025-08-22 23:30:02.792025+00:00,2025-08-26 22:17:02.792025+00:00
363,,AU,True,2025-09-12 20:26:02.792025+00:00,2025-09-28 07:32:02.792025+00:00
364,391,IN,False,2025-08-13 08:13:02.792025+00:00,2025-09-02 23:20:02.792025+00:00
365,,DE,True,2025-06-28 16:42:02.792025+00:00,2025-07-16 17:15:02.792025+00:00
366,619,US,True,2025-05-22 03:21:02.792025+00:00,2025-06-07 10:02:02.792025+00:00
367,,PH,False,2025-08-13 07:40:02.792025+00:00,2025-09-06 19:47:02.792025+00:00
368,,MX,True,2025-08-11 08:19:02.792025+00:00,2025-08-15 05:35:02.792025+00:00
369,258,MX,True,2025-08-23 13:44:02.792025+00:00,2025-08-31 20:14:02.792025+00:00
370,159,US,False,2025-07-23 11:33:02.792025+00:00,2025-08-21 06:09:02.792025+00:00
371,170,AU,True,2025-06-11 14:55:02.792025+00:00,2025-07-07 06:48:02.792025+00:00
372,,ES,False,2025-08-28 02:22:02.792025+00:00,2025-09-24 05:07:02.792025+00:00
373,939,BR,True,2025-06-17 00:45:02.792025+00:00,2025-07-04 07:47:02.792025+00:00
374,954,US,True,2025-09-06 21:19:02.792025+00:00,2025-09-18 03:01:02.792025+00:00
375,222,PE,True,2025-05-17 16:18:02.792025+00:00,2025-05-24 02:55:02.792025+00:00
376,,FR,True,2025-06-10 19:43:02.792025+00:00,2025-07-08 10:57:02.792025+00:00
377,196,AU,True,2025-06-03 00:33:02.792025+00:00,2025-06-13 10:57:02.792025+00:00
378,55,GB,True,2025-06-12 01:46:02.792025+00:00,2025-06-27 07:38:02.792025+00:00
379,,DE,True,2025-07-21 22:15:02.792025+00:00,2025-08-06 14:57:02.792025+00:00
380,960,IN,True,2025-07-16 17:46:02.792025+00:00,2025-07-24 07:47:02.792025+00:00
381,,PH,True,2025-08-26 03:11:02.792025+00:00,2025-09-16 15:38:02.792025+00:00
382,707,AR,True,2025-07-25 06:31:02.792025+00:00,2025-08-02 19:49:02.792025+00:00
383,761,AU,True,2025-08-30 15:02:02.792025+00:00,2025-09-22 20:21:02.792025+00:00
384,,ES,True,2025-09-09 19:14:02.792025+00:00,2025-09-27 11:33:02.792025+00:00
385,,PH,False,2025-07-08 08:29:02.792025+00:00,2025-07-17 17:47:02.792025+00:00
386,,US,True,2025-07-11 20:59:02.792025+00:00,2025-08-07 05:42:02.792025+00:00
387,291,US,True,2025-07-03 21:24:02.792025+00:00,2025-07-21 00:59:02.792025+00:00
388,641,PH,True,2025-06-01 10:50:02.792025+00:00,2025-06-29 01:09:02.792025+00:00
389,60,FR,False,2025-06-15 19:17:02.792025+00:00,2025-07-08 09:44:02.792025+00:00
390,677,MX,True,2025-07-18 02:04:02.792025+00:00,2025-07-28 10:14:02.792025+00:00
391,580,PH,True,2025-06-01 10:09:02.792025+00:00,2025-06-23 06:47:02.792025+00:00
392,332,US,True,2025-07-03 02:05:02.792025+00:00,2025-07-06 22:22:02.792025+00:00
393,711,FR,True,2025-09-10 05:10:02.792025+00:00,2025-10-04 07:47:02.792025+00:00
394,647,BR,True,2025-05-24 22:42:02.792025+00:00,2025-05-28 15:22:02.792025+00:00
395,439,US,True,2025-08-26 00:34:02.792025+00:00,2025-09-20 10:01:02.792025+00:00
396,187,IN,True,2025-07-17 21:26:02.792025+00:00,2025-08-06 21:25:02.792025+00:00
397,,IN,False,2025-08-16 13:04:02.792025+00:00,2025-08-25 18:28:02.792025+00:00
398,,US,False,2025-07-16 03:07:02.792025+00:00,2025-08-14 09:50:02.792025+00:00
399,24,US,True,2025-07-11 12:22:02.792025+00:00,2025-07-25 22:58:02.792025+00:00
400,,DE,False,2025-05-28 08:40:02.792025+00:00,2025-06-12 15:06:02.792025+00:00
401,,CO,False,2025-08-09 21:07:02.792025+00:00,2025-08-30 13:43:02.792025+00:00
402,938,CA,True,2025-07-08 16:19:02.792025+00:00,2025-07-15 03:51:02.792025+00:00
403,282,PH,True,2025-05-26 03:36:02.792025+00:00,2025-05-27 08:54:02.792025+00:00
404,302,CA,True,2025-06-16 07:43:02.792025+00:00,2025-07-15 19:52:02.792025+00:00
405,682,BR,True,2025-07-09 08:03:02.792025+00:00,2025-07-28 05:22:02.792025+00:00
406,,MX,True,2025-08-08 22:02:02.792025+00:00,2025-08-30 17:03:02.792025+00:00
407,,FR,True,2025-06-28 19:36:02.792025+00:00,2025-07-20 07:34:02.792025+00:00
408,256,CO,True,2025-06-02 02:31:02.792025+00:00,2025-06-20 09:26:02.792025+00:00
409,,GB,True,2025-07-29 02:46:02.792025+00:00,2025-08-24 07:05:02.792025+00:00
410,376,PE,True,2025-06-25 09:49:02.792025+00:00,2025-07-22 06:53:02.792025+00:00
411,712,CA,True,2025-08-07 09:30:02.792025+00:00,2025-08-12 02:32:02.792025+00:00
412,,BR,True,2025-08-29 05:52:02.792025+00:00,2025-09-27 19:35:02.792025+00:00
413,596,CA,True,2025-08-16 00:12:02.792025+00:00,2025-08-26 21:18:02.792025+00:00
414,657,FR,True,2025-06-24 10:35:02.792025+00:00,2025-07-09 13:30:02.792025+00:00
415,5,BR,False,2025-06-09 15:03:02.792025+00:00,2025-06-17 07:25:02.792025+00:00
416,,CL,True,2025-08-13 03:08:02.792025+00:00,2025-08-26 08:20:02.792025+00:00
417,452,CO,True,2025-07-08 03:23:02.792025+00:00,2025-07-31 06:16:02.792025+00:00
418,476,PE,False,2025-07-29 00:11:02.792025+00:00,2025-08-04 11:21:02.792025+00:00
419,633,BR,True,2025-09-02 06:06:02.792025+00:00,2025-09-03 15:23:02.792025+00:00
420,152,US,True,2025-08-24 12:18:02.792025+00:00,2025-09-21 10:53:02.792025+00:00
421,160,GB,True,2025-06-19 02:01:02.792025+00:00,2025-07-15 09:47:02.792025+00:00
422,,GB,True,2025-08-28 20:09:02.792025+00:00,2025-08-30 15:42:02.792025+00:00
423,,US,True,2025-05-18 07:09:02.792025+00:00,2025-05-30 01:07:02.792025+00:00
424,,MX,True,2025-09-06 12:56:02.792025+00:00,2025-09-10 04:57:02.792025+00:00
425,,US,True,2025-06-03 06:15:02.792025+00:00,2025-06-21 04:20:02.792025+00:00
426,763,FR,True,2025-06-30 12:34:02.792025+00:00,2025-07-03 22:21:02.792025+00:00
427,674,CL,True,2025-07-11 17:43:02.792025+00:00,2025-08-10 03:04:02.792025+00:00
428,812,US,True,2025-07-11 09:48:02.792025+00:00,2025-07-30 13:39:02.792025+00:00
429,271,MX,False,2025-08-11 09:01:02.792025+00:00,2025-09-01 15:38:02.792025+00:00
430,,AU,True,2025-08-26 17:10:02.792025+00:00,2025-09-13 14:16:02.792025+00:00
431,,BR,False,2025-05-23 02:56:02.792025+00:00,2025-06-11 14:19:02.792025+00:00
432,,FR,True,2025-07-31 14:44:02.792025+00:00,2025-08-05 22:55:02.792025+00:00
433,998,ES,False,2025-05-24 00:58:02.792025+00:00,2025-06-18 06:09:02.792025+00:00
434,273,MX,True,2025-06-26 17:45:02.792025+00:00,2025-07-16 05:23:02.792025+00:00
435,651,AR,False,2025-07-18 23:38:02.792025+00:00,2025-07-28 16:49:02.792025+00:00
436,163,CO,True,2025-08-12 22:57:02.792025+00:00,2025-08-23 05:49:02.792025+00:00
437,919,CA,False,2025-05-25 06:37:02.792025+00:00,2025-06-10 00:48:02.792025+00:00
438,333,CL,True,2025-08-14 22:08:02.792025+00:00,2025-09-09 13:14:02.792025+00:00
439,803,ES,False,2025-05-30 09:37:02.792025+00:00,2025-06-19 04:31:02.792025+00:00
440,,MX,True,2025-06-27 18:08:02.792025+00:00,2025-07-06 00:09:02.792025+00:00
441,332,IN,True,2025-09-02 09:25:02.792025+00:00,2025-09-17 00:33:02.792025+00:00
442,791,BR,True,2025-07-10 08:26:02.792025+00:00,2025-07-29 12:07:02.792025+00:00
443,,GB,False,2025-07-22 00:43:02.792025+00:00,2025-08-14 09:26:02.792025+00:00
444,455,PH,False,2025-06-21 06:27:02.792025+00:00,2025-07-17 23:50:02.792025+00:00
445,,FR,True,2025-07-15 00:50:02.792025+00:00,2025-08-13 15:59:02.792025+00:00
446,,DE,True,2025-07-23 09:23:02.792025+00:00,2025-08-07 13:53:02.792025+00:00
447,63,PH,True,2025-08-18 03:43:02.792025+00:00,2025-08-30 00:19:02.792025+00:00
448,,MX,False,2025-06-08 09:58:02.792025+00:00,2025-06-19 11:14:02.792025+00:00
449,,AU,True,2025-06-29 17:45:02.792025+00:00,2025-07-07 08:02:02.792025+00:00
450,,GB,True,2025-08-02 12:37:02.792025+00:00,2025-08-21 12:13:02.792025+00:00
451,,PE,True,2025-07-28 17:24:02.792025+00:00,2025-08-26 06:09:02.792025+00:00
452,,BR,True,2025-07-05 04:47:02.792025+00:00,2025-07-21 23:59:02.792025+00:00
453,191,CA,True,2025-09-04 22:30:02.792025+00:00,2025-09-06 12:47:02.792025+00:00
454,684,AU,True,2025-07-31 17:46:02.792025+00:00,2025-08-15 12:33:02.792025+00:00
455,,FR,True,2025-08-04 23:19:02.792025+00:00,2025-08-29 15:03:02.792025+00:00
456,,CO,False,2025-09-07 19:05:02.792025+00:00,2025-09-27 11:40:02.792025+00:00
457,194,ES,True,2025-06-17 21:23:02.792025+00:00,2025-07-05 02:51:02.792025+00:00
458,,FR,False,2025-07-18 09:08:02.792025+00:00,2025-07-27 02:56:02.792025+00:00
459,276,CL,True,2025-08-02 20:33:02.792025+00:00,2025-08-21 02:15:02.792025+00:00
460,,CA,True,2025-05-18 22:46:02.792025+00:00,2025-06-14 22:18:02.792025+00:00
461,,FR,True,2025-09-06 15:59:02.792025+00:00,2025-09-24 21:27:02.792025+00:00
462,542,US,True,2025-08-29 02:08:02.792025+00:00,2025-09-26 07:48:02.792025+00:00
463,254,GB,True,2025-09-02 04:12:02.792025+00:00,2025-09-15 00:48:02.792025+00:00
464,129,MX,True,2025-06-24 15:20:02.792025+00:00,2025-07-09 21:09:02.792025+00:00
465,625,ES,True,2025-08-15 21:10:02.792025+00:00,2025-08-18 05:49:02.792025+00:00
466,689,CL,False,2025-08-06 08:52:02.792025+00:00,2025-08-27 02:01:02.792025+00:00
467,734,IN,False,2025-06-12 05:35:02.792025+00:00,2025-06-18 09:23:02.792025+00:00
468,944,PH,False,2025-07-01 03:39:02.792025+00:00,2025-07-22 07:28:02.792025+00:00
469,125,PE,True,2025-07-05 01:30:02.792025+00:00,2025-07-06 13:10:02.792025+00:00
470,427,GB,True,2025-05-23 19:55:02.792025+00:00,2025-06-10 01:45:02.792025+00:00
471,,DE,False,2025-07-24 00:54:02.792025+00:00,2025-07-30 06:33:02.792025+00:00
472,,DE,True,2025-06-15 12:25:02.792025+00:00,2025-06-25 12:38:02.792025+00:00
473,,DE,True,2025-07-12 23:15:02.792025+00:00,2025-07-13 08:08:02.792025+00:00
474,,CA,False,2025-07-20 23:23:02.792025+00:00,2025-07-21 07:01:02.792025+00:00
475,,AU,True,2025-07-30 13:12:02.792025+00:00,2025-08-16 13:56:02.792025+00:00
476,234,IN,True,2025-06-16 20:07:02.792025+00:00,2025-07-05 11:01:02.792025+00:00
477,,MX,False,2025-06-04 17:31:02.792025+00:00,2025-06-22 08:33:02.792025+00:00
478,902,ES,True,2025-09-09 08:41:02.792025+00:00,2025-10-03 10:22:02.792025+00:00
479,540,PE,True,2025-07-02 04:38:02.792025+00:00,2025-07-07 12:14:02.792025+00:00
480,99,ES,True,2025-08-16 05:43:02.792025+00:00,2025-09-06 02:39:02.792025+00:00
481,,ES,False,2025-07-28 20:53:02.792025+00:00,2025-08-25 10:51:02.792025+00:00
482,,FR,True,2025-06-30 22:55:02.792025+00:00,2025-07-13 08:48:02.792025+00:00
483,693,PE,True,2025-09-05 16:26:02.792025+00:00,2025-09-07 03:35:02.792025+00:00
484,43,BR,False,2025-05-30 10:11:02.792025+00:00,2025-06-14 15:10:02.792025+00:00
485,275,PE,True,2025-07-06 06:14:02.792025+00:00,2025-07-30 01:43:02.792025+00:00
486,,IN,True,2025-07-10 14:29:02.792025+00:00,2025-07-20 12:25:02.792025+00:00
487,,AR,True,2025-08-04 21:21:02.792025+00:00,2025-08-08 19:12:02.792025+00:00
488,722,CO,False,2025-09-08 04:40:02.792025+00:00,2025-10-01 10:02:02.792025+00:00
489,507,AU,True,2025-09-12 08:34:02.792025+00:00,2025-10-01 16:01:02.792025+00:00
490,762,MX,True,2025-08-10 15:27:02.792025+00:00,2025-09-02 19:18:02.792025+00:00
491,572,DE,True,2025-07-27 14:21:02.792025+00:00,2025-08-03 21:43:02.792025+00:00
492,,IN,True,2025-08-01 00:04:02.792025+00:00,2025-08-06 08:03:02.792025+00:00
493,,AR,True,2025-08-22 04:22:02.792025+00:00,2025-09-09 19:33:02.792025+00:00
494,844,CL,True,2025-06-04 04:21:02.792025+00:00,2025-06-20 08:54:02.792025+00:00
495,563,AR,True,2025-07-30 13:55:02.792025+00:00,2025-08-06 11:58:02.792025+00:00
496,57,MX,True,2025-08-24 21:09:02.792025+00:00,2025-08-31 23:37:02.792025+00:00
497,72,MX,False,2025-07-30 00:22:02.792025+00:00,2025-08-12 00:31:02.792025+00:00
498,777,MX,True,2025-09-12 19:30:02.792025+00:00,2025-09-23 16:01:02.792025+00:00
499,39,PE,True,2025-09-04 16:04:02.792025+00:00,2025-09-13 08:57:02.792025+00:00
500,,ES,True,2025-07-11 14:28:02.792025+00:00,2025-07-25 22:59:02.792025+00:00
501,377,CO,False,2025-06-04 03:30:02.792025+00:00,2025-06-23 17:47:02.792025+00:00
502,17,IN,True,2025-06-06 09:26:02.792025+00:00,2025-06-15 14:47:02.792025+00:00
503,304,FR,False,2025-06-04 23:33:02.792025+00:00,2025-07-02 03:35:02.792025+00:00
504,596,US,True,2025-06-23 19:02:02.792025+00:00,2025-07-22 06:20:02.792025+00:00
505,,IN,False,2025-05-24 19:00:02.792025+00:00,2025-06-23 03:28:02.792025+00:00
506,174,CO,False,2025-06-26 12:17:02.792025+00:00,2025-07-13 03:02:02.792025+00:00
507,,GB,True,2025-06-28 08:11:02.792025+00:00,2025-07-08 13:25:02.792025+00:00
508,,PE,True,2025-08-18 05:03:02.792025+00:00,2025-09-02 20:57:02.792025+00:00
509,467,ES,True,2025-08-09 11:53:02.792025+00:00,2025-08-17 06:17:02.792025+00:00
510,,AU,True,2025-07-08 03:23:02.792025+00:00,2025-07-27 07:22:02.792025+00:00
511,,PH,True,2025-05-31 01:44:02.792025+00:00,2025-06-28 02:47:02.792025+00:00
512,997,AR,True,2025-06-10 00:08:02.792025+00:00,2025-06-29 10:41:02.792025+00:00
513,71,GB,True,2025-06-10 12:03:02.792025+00:00,2025-06-30 06:37:02.792025+00:00
514,,AU,True,2025-08-25 05:06:02.792025+00:00,2025-09-14 20:43:02.792025+00:00
515,,FR,True,2025-07-25 09:48:02.792025+00:00,2025-08-20 02:38:02.792025+00:00
516,64,PH,True,2025-08-07 11:23:02.792025+00:00,2025-08-31 21:03:02.792025+00:00
517,272,PE,False,2025-09-04 15:53:02.792025+00:00,2025-09-10 21:31:02.792025+00:00
518,828,AR,True,2025-07-11 19:00:02.792025+00:00,2025-07-30 07:45:02.792025+00:00
519,,ES,False,2025-09-02 10:57:02.792025+00:00,2025-09-04 15:51:02.792025+00:00
520,406,IN,True,2025-07-05 02:16:02.792025+00:00,2025-08-03 19:41:02.792025+00:00
521,640,PH,True,2025-08-09 05:48:02.792025+00:00,2025-08-31 10:31:02.792025+00:00
522,,FR,True,2025-08-10 03:25:02.792025+00:00,2025-08-11 10:24:02.792025+00:00
523,,FR,True,2025-06-14 11:23:02.792025+00:00,2025-07-09 23:32:02.792025+00:00
524,,ES,True,2025-07-31 04:29:02.792025+00:00,2025-08-23 16:09:02.792025+00:00
525,34,AR,True,2025-06-16 09:30:02.792025+00:00,2025-06-30 23:55:02.792025+00:00
526,736,PE,True,2025-05-28 13:44:02.792025+00:00,2025-06-26 00:13:02.792025+00:00
527,,ES,False,2025-07-04 15:01:02.792025+00:00,2025-07-22 13:05:02.792025+00:00
528,,IN,True,2025-08-04 17:10:02.792025+00:00,2025-08-16 13:19:02.792025+00:00
529,68,GB,True,2025-07-26 19:00:02.792025+00:00,2025-08-12 16:05:02.792025+00:00
530,,CA,True,2025-07-19 16:40:02.792025+00:00,2025-08-03 07:46:02.792025+00:00
531,712,CO,True,2025-06-06 01:01:02.792025+00:00,2025-06-15 16:15:02.792025+00:00
532,148,CA,True,2025-08-28 11:30:02.792025+00:00,2025-09-07 02:07:02.792025+00:00
533,859,ES,True,2025-08-08 02:45:02.792025+00:00,2025-08-31 13:11:02.792025+00:00
534,297,AU,False,2025-06-08 22:29:02.792025+00:00,2025-06-21 06:12:02.792025+00:00
535,184,ES,True,2025-05-23 06:34:02.792025+00:00,2025-06-13 20:46:02.792025+00:00
536,,ES,True,2025-05-26 11:12:02.792025+00:00,2025-06-10 11:48:02.792025+00:00
537,337,US,True,2025-05-31 20:37:02.792025+00:00,2025-06-03 20:47:02.792025+00:00
538,1,IN,True,2025-08-10 20:25:02.792025+00:00,2025-09-05 16:51:02.792025+00:00
539,166,FR,True,2025-05-26 05:23:02.792025+00:00,2025-05-28 06:29:02.792025+00:00
540,599,IN,True,2025-05-20 14:13:02.792025+00:00,2025-06-13 02:48:02.792025+00:00
541,301,US,True,2025-06-12 04:21:02.792025+00:00,2025-06-21 19:06:02.792025+00:00
542,354,BR,True,2025-06-15 21:06:02.792025+00:00,2025-06-23 01:51:02.792025+00:00
543,808,PH,False,2025-09-05 19:32:02.792025+00:00,2025-09-17 17:01:02.792025+00:00
544,,CO,True,2025-07-12 17:38:02.792025+00:00,2025-08-04 22:11:02.792025+00:00
545,,ES,True,2025-07-10 02:40:02.792025+00:00,2025-07-26 23:53:02.792025+00:00
546,124,PE,True,2025-06-20 06:13:02.792025+00:00,2025-07-19 00:31:02.792025+00:00
547,,AU,False,2025-07-31 16:34:02.792025+00:00,2025-08-03 22:20:02.792025+00:00
548,,IN,True,2025-06-03 06:44:02.792025+00:00,2025-06-09 10:21:02.792025+00:00
549,,PH,True,2025-06-02 14:09:02.792025+00:00,2025-06-07 21:44:02.792025+00:00
550,,AR,True,2025-07-21 12:03:02.792025+00:00,2025-08-06 21:36:02.792025+00:00
551,,GB,False,2025-06-07 21:22:02.792025+00:00,2025-06-20 03:15:02.792025+00:00
552,,FR,False,2025-05-21 05:03:02.792025+00:00,2025-05-26 05:01:02.792025+00:00
553,,AU,True,2025-05-23 03:45:02.792025+00:00,2025-06-09 09:15:02.792025+00:00
554,396,CO,False,2025-05-16 08:52:02.792025+00:00,2025-06-10 04:48:02.792025+00:00
555,,AU,True,2025-08-31 15:41:02.792025+00:00,2025-09-29 19:30:02.792025+00:00
556,187,CL,True,2025-06-21 21:28:02.792025+00:00,2025-07-11 20:59:02.792025+00:00
557,,US,True,2025-06-28 20:17:02.792025+00:00,2025-07-23 01:41:02.792025+00:00
558,483,DE,True,2025-07-19 13:10:02.792025+00:00,2025-08-14 23:17:02.792025+00:00
559,332,CA,False,2025-08-09 21:58:02.792025+00:00,2025-08-24 11:22:02.792025+00:00
560,47,US,True,2025-08-09 06:34:02.792025+00:00,2025-09-01 09:27:02.792025+00:00
561,71,CO,True,2025-08-01 03:03:02.792025+00:00,2025-08-17 22:39:02.792025+00:00
562,853,PH,False,2025-07-20 08:05:02.792025+00:00,2025-08-05 14:40:02.792025+00:00
563,57,AU,False,2025-08-15 23:54:02.792025+00:00,2025-08-17 13:04:02.792025+00:00
564,783,MX,True,2025-07-03 00:27:02.792025+00:00,2025-07-24 13:38:02.792025+00:00
565,917,PH,True,2025-07-20 03:16:02.792025+00:00,2025-08-18 17:43:02.792025+00:00
566,466,PH,True,2025-05-22 23:32:02.792025+00:00,2025-06-07 00:51:02.792025+00:00
567,,AU,False,2025-07-26 12:21:02.792025+00:00,2025-08-11 16:23:02.792025+00:00
568,313,BR,True,2025-08-09 03:41:02.792025+00:00,2025-08-30 07:33:02.792025+00:00
569,777,GB,False,2025-05-23 23:55:02.792025+00:00,2025-06-20 07:09:02.792025+00:00
570,983,AU,False,2025-08-14 20:44:02.792025+00:00,2025-08-28 00:12:02.792025+00:00
571,121,PH,True,2025-08-17 11:18:02.792025+00:00,2025-08-24 09:25:02.792025+00:00
572,965,DE,True,2025-06-19 07:15:02.792025+00:00,2025-06-27 19:33:02.792025+00:00
573,,MX,True,2025-08-25 17:04:02.792025+00:00,2025-09-24 08:01:02.792025+00:00
574,,US,True,2025-08-14 15:12:02.792025+00:00,2025-08-15 23:46:02.792025+00:00
575,944,BR,False,2025-06-09 11:34:02.792025+00:00,2025-06-20 18:11:02.792025+00:00
576,,CO,True,2025-09-10 03:14:02.792025+00:00,2025-09-17 15:18:02.792025+00:00
577,143,MX,True,2025-09-01 00:56:02.792025+00:00,2025-09-12 07:59:02.792025+00:00
578,55,US,True,2025-08-29 03:47:02.792025+00:00,2025-09-10 12:01:02.792025+00:00
579,715,CA,True,2025-08-08 16:09:02.792025+00:00,2025-08-15 03:00:02.792025+00:00
580,78,GB,True,2025-08-19 01:59:02.792025+00:00,2025-09-16 14:07:02.792025+00:00
581,,ES,False,2025-06-13 18:45:02.792025+00:00,2025-07-01 18:22:02.792025+00:00
582,,IN,False,2025-06-23 07:15:02.792025+00:00,2025-07-11 12:36:02.792025+00:00
583,,PE,True,2025-05-23 17:14:02.792025+00:00,2025-06-04 04:56:02.792025+00:00
584,601,PE,False,2025-08-15 09:15:02.792025+00:00,2025-08-29 12:50:02.792025+00:00
585,,BR,False,2025-08-23 15:26:02.792025+00:00,2025-08-26 23:49:02.792025+00:00
586,65,PE,False,2025-08-11 23:46:02.792025+00:00,2025-09-08 16:58:02.792025+00:00
587,691,MX,True,2025-05-27 00:55:02.792025+00:00,2025-06-21 05:06:02.792025+00:00
588,232,GB,True,2025-08-07 14:25:02.792025+00:00,2025-08-20 04:22:02.792025+00:00
589,,AU,True,2025-07-14 01:57:02.792025+00:00,2025-07-27 11:57:02.792025+00:00
590,,ES,False,2025-09-02 16:45:02.792025+00:00,2025-09-12 17:59:02.792025+00:00
591,97,AR,True,2025-09-02 02:23:02.792025+00:00,2025-09-28 00:46:02.792025+00:00
592,67,FR,True,2025-06-15 07:28:02.792025+00:00,2025-06-17 17:23:02.792025+00:00
593,,IN,False,2025-09-09 23:42:02.792025+00:00,2025-09-25 18:30:02.792025+00:00
594,,ES,True,2025-08-11 07:28:02.792025+00:00,2025-09-09 17:27:02.792025+00:00
595,189,BR,True,2025-07-20 07:34:02.792025+00:00,2025-08-12 06:03:02.792025+00:00
596,,FR,True,2025-07-24 17:45:02.792025+00:00,2025-08-18 00:43:02.792025+00:00
597,,MX,False,2025-07-04 21:03:02.792025+00:00,2025-07-29 06:56:02.792025+00:00
598,,AU,False,2025-08-19 15:07:02.792025+00:00,2025-08-20 09:19:02.792025+00:00
599,541,AR,True,2025-06-19 16:04:02.792025+00:00,2025-07-15 00:18:02.792025+00:00
600,,CL,True,2025-07-25 21:58:02.792025+00:00,2025-08-08 06:42:02.792025+00:00
601,77,FR,True,2025-06-27 09:11:02.792025+00:00,2025-07-01 09:03:02.792025+00:00
602,,CO,True,2025-06-14 01:10:02.792025+00:00,2025-06-14 14:30:02.792025+00:00
603,803,BR,False,2025-08-24 23:01:02.792025+00:00,2025-08-25 15:33:02.792025+00:00
604,605,US,False,2025-09-05 17:40:02.792025+00:00,2025-10-03 09:06:02.792025+00:00
605,298,CL,True,2025-06-02 23:56:02.792025+00:00,2025-06-21 19:48:02.792025+00:00
606,987,GB,True,2025-08-22 16:27:02.792025+00:00,2025-09-21 13:08:02.792025+00:00
607,659,MX,False,2025-08-21 06:13:02.792025+00:00,2025-08-27 19:44:02.792025+00:00
608,672,CL,True,2025-05-21 06:17:02.792025+00:00,2025-06-14 13:21:02.792025+00:00
609,174,CA,True,2025-06-30 21:56:02.792025+00:00,2025-07-20 22:28:02.792025+00:00
610,711,AU,True,2025-05-22 20:17:02.792025+00:00,2025-06-18 11:01:02.792025+00:00
611,,CO,True,2025-09-12 13:38:02.792025+00:00,2025-10-05 09:26:02.792025+00:00
612,,DE,True,2025-07-28 07:20:02.792025+00:00,2025-08-03 18:08:02.792025+00:00
613,,CO,True,2025-07-20 02:35:02.792025+00:00,2025-08-14 06:32:02.792025+00:00
614,560,ES,True,2025-05-24 12:47:02.792025+00:00,2025-06-17 19:41:02.792025+00:00
615,985,PH,True,2025-06-30 20:59:02.792025+00:00,2025-07-18 09:13:02.792025+00:00
616,,CA,False,2025-08-12 09:02:02.792025+00:00,2025-09-02 05:06:02.792025+00:00
617,478,BR,True,2025-08-02 13:45:02.792025+00:00,2025-08-12 17:52:02.792025+00:00
618,679,BR,True,2025-06-14 20:44:02.792025+00:00,2025-06-27 11:25:02.792025+00:00
619,,CA,True,2025-08-24 19:40:02.792025+00:00,2025-09-16 13:44:02.792025+00:00
620,,IN,True,2025-06-28 10:59:02.792025+00:00,2025-07-09 09:26:02.792025+00:00
621,342,AR,True,2025-08-01 03:12:02.792025+00:00,2025-08-03 06:00:02.792025+00:00
622,,CO,True,2025-07-03 05:45:02.792025+00:00,2025-07-04 03:59:02.792025+00:00
623,41,PE,False,2025-06-11 23:06:02.792025+00:00,2025-06-17 13:32:02.792025+00:00
624,,DE,True,2025-09-01 15:57:02.792025+00:00,2025-09-26 10:21:02.792025+00:00
625,128,PE,True,2025-06-04 04:46:02.792025+00:00,2025-07-02 06:03:02.792025+00:00
626,868,AU,True,2025-08-03 22:04:02.792025+00:00,2025-08-16 10:12:02.792025+00:00
627,,IN,True,2025-07-19 22:32:02.792025+00:00,2025-08-09 13:28:02.792025+00:00
628,739,CA,True,2025-09-09 22:05:02.792025+00:00,2025-09-26 05:26:02.792025+00:00
629,,CO,True,2025-07-25 22:15:02.792025+00:00,2025-07-29 08:36:02.792025+00:00
630,365,IN,True,2025-07-12 23:00:02.792025+00:00,2025-07-20 12:18:02.792025+00:00
631,,CA,True,2025-06-26 06:35:02.792025+00:00,2025-07-19 19:50:02.792025+00:00
632,,CL,True,2025-08-02 18:34:02.792025+00:00,2025-08-19 19:34:02.792025+00:00
633,698,GB,True,2025-07-11 18:39:02.792025+00:00,2025-07-31 05:11:02.792025+00:00
634,,IN,True,2025-05-24 12:34:02.792025+00:00,2025-05-27 17:41:02.792025+00:00
635,5,PH,False,2025-06-08 05:54:02.792025+00:00,2025-07-02 03:54:02.792025+00:00
636,38,GB,True,2025-06-22 00:50:02.792025+00:00,2025-07-08 00:16:02.792025+00:00
637,508,CO,True,2025-09-07 00:27:02.792025+00:00,2025-09-12 07:38:02.792025+00:00
638,,DE,False,2025-07-27 00:18:02.792025+00:00,2025-08-23 04:30:02.792025+00:00
639,,FR,False,2025-05-20 09:07:02.792025+00:00,2025-06-08 14:23:02.792025+00:00
640,,CO,False,2025-06-21 14:36:02.792025+00:00,2025-07-01 02:03:02.792025+00:00
641,,IN,True,2025-07-22 02:10:02.792025+00:00,2025-08-01 23:09:02.792025+00:00
642,,BR,False,2025-09-05 19:27:02.792025+00:00,2025-10-05 07:27:02.792025+00:00
643,625,PH,False,2025-09-02 13:23:02.792025+00:00,2025-09-17 14:42:02.792025+00:00
644,,GB,False,2025-05-25 23:08:02.792025+00:00,2025-06-02 00:05:02.792025+00:00
645,938,AR,True,2025-08-04 15:15:02.792025+00:00,2025-08-29 20:42:02.792025+00:00
646,760,CO,True,2025-08-09 03:55:02.792025+00:00,2025-08-20 00:08:02.792025+00:00
647,258,CO,True,2025-06-08 17:41:02.792025+00:00,2025-06-30 08:35:02.792025+00:00
648,816,CA,True,2025-07-19 00:09:02.792025+00:00,2025-07-20 13:39:02.792025+00:00
649,492,CL,True,2025-08-17 22:35:02.792025+00:00,2025-09-03 06:14:02.792025+00:00
650,827,IN,True,2025-06-09 06:26:02.792025+00:00,2025-07-02 04:44:02.792025+00:00
651,174,BR,True,2025-07-05 18:37:02.792025+00:00,2025-07-13 02:33:02.792025+00:00
652,27,PH,True,2025-07-22 16:52:02.792025+00:00,2025-08-01 12:54:02.792025+00:00
653,,AU,False,2025-07-29 04:59:02.792025+00:00,2025-08-01 02:29:02.792025+00:00
654,,US,True,2025-06-17 17:50:02.792025+00:00,2025-07-11 05:26:02.792025+00:00
655,58,DE,True,2025-08-11 16:24:02.792025+00:00,2025-08-29 13:51:02.792025+00:00
656,991,AU,True,2025-07-28 16:08:02.792025+00:00,2025-08-20 22:46:02.792025+00:00
657,81,AR,True,2025-08-01 13:55:02.792025+00:00,2025-08-03 05:43:02.792025+00:00
658,940,US,True,2025-05-19 18:56:02.792025+00:00,2025-05-23 21:02:02.792025+00:00
659,,PH,True,2025-07-12 00:57:02.792025+00:00,2025-08-10 12:19:02.792025+00:00
660,728,ES,True,2025-07-14 09:52:02.792025+00:00,2025-08-02 15:04:02.792025+00:00
661,,CO,True,2025-06-01 22:05:02.792025+00:00,2025-06-04 23:35:02.792025+00:00
662,,IN,True,2025-06-14 09:06:02.792025+00:00,2025-06-24 09:11:02.792025+00:00
663,147,FR,False,2025-07-11 07:23:02.792025+00:00,2025-07-23 15:10:02.792025+00:00
664,,US,True,2025-08-22 12:53:02.792025+00:00,2025-09-07 03:01:02.792025+00:00
665,865,BR,False,2025-05-17 01:58:02.792025+00:00,2025-05-26 12:53:02.792025+00:00
666,,CO,False,2025-06-03 17:48:02.792025+00:00,2025-06-06 01:02:02.792025+00:00
667,,AU,True,2025-05-25 13:20:02.792025+00:00,2025-06-24 13:07:02.792025+00:00
668,,CO,True,2025-07-02 02:18:02.792025+00:00,2025-07-17 00:50:02.792025+00:00
669,,CA,True,2025-05-26 13:43:02.792025+00:00,2025-06-10 16:43:02.792025+00:00
670,,ES,False,2025-08-03 09:23:02.792025+00:00,2025-08-29 19:20:02.792025+00:00
671,,GB,True,2025-08-15 15:19:02.792025+00:00,2025-09-03 06:53:02.792025+00:00
672,145,IN,False,2025-07-21 03:06:02.792025+00:00,2025-07-30 20:42:02.792025+00:00
673,,PH,False,2025-05-23 19:17:02.792025+00:00,2025-06-08 04:04:02.792025+00:00
674,,US,True,2025-05-17 18:16:02.792025+00:00,2025-05-26 12:10:02.792025+00:00
675,144,CO,True,2025-09-06 20:44:02.792025+00:00,2025-09-13 23:42:02.792025+00:00
676,,US,True,2025-07-22 08:38:02.792025+00:00,2025-08-17 16:35:02.792025+00:00
677,576,FR,False,2025-08-18 14:21:02.792025+00:00,2025-09-07 07:32:02.792025+00:00
678,289,GB,False,2025-09-03 04:06:02.792025+00:00,2025-09-28 19:06:02.792025+00:00
679,291,US,True,2025-06-02 22:43:02.792025+00:00,2025-06-24 18:48:02.792025+00:00
680,196,BR,True,2025-05-20 06:09:02.792025+00:00,2025-06-17 07:16:02.792025+00:00
681,,GB,False,2025-08-30 00:48:02.792025+00:00,2025-09-21 04:59:02.792025+00:00
682,608,FR,True,2025-07-14 15:40:02.792025+00:00,2025-08-09 16:49:02.792025+00:00
683,27,CL,True,2025-06-28 03:39:02.792025+00:00,2025-07-05 08:15:02.792025+00:00
684,246,AU,True,2025-05-26 17:02:02.792025+00:00,2025-06-13 17:08:02.792025+00:00
685,554,AU,True,2025-08-28 17:12:02.792025+00:00,2025-08-29 05:18:02.792025+00:00
686,,CA,False,2025-05-30 08:09:02.792025+00:00,2025-06-28 20:49:02.792025+00:00
687,,PE,True,2025-09-04 20:24:02.792025+00:00,2025-09-18 12:11:02.792025+00:00
688,487,PH,True,2025-06-17 06:14:02.792025+00:00,2025-07-03 15:28:02.792025+00:00
689,700,FR,True,2025-05-23 14:44:02.792025+00:00,2025-06-09 14:48:02.792025+00:00
690,217,ES,True,2025-07-22 10:40:02.792025+00:00,2025-07-30 02:50:02.792025+00:00
691,,PE,True,2025-06-29 11:11:02.792025+00:00,2025-07-09 12:29:02.792025+00:00
692,648,IN,True,2025-06-10 12:23:02.792025+00:00,2025-06-14 09:10:02.792025+00:00
693,760,GB,True,2025-07-05 16:09:02.792025+00:00,2025-07-14 16:41:02.792025+00:00
694,389,MX,True,2025-05-24 22:05:02.792025+00:00,2025-06-15 10:48:02.792025+00:00
695,257,AU,True,2025-07-06 22:42:02.792025+00:00,2025-07-20 20:10:02.792025+00:00
696,556,US,False,2025-08-22 00:54:02.792025+00:00,2025-08-31 14:38:02.792025+00:00
697,579,FR,False,2025-08-20 17:30:02.792025+00:00,2025-09-12 08:06:02.792025+00:00
698,,DE,True,2025-07-25 03:50:02.792025+00:00,2025-07-31 20:11:02.792025+00:00
699,,GB,False,2025-07-05 11:35:02.792025+00:00,2025-07-27 14:31:02.792025+00:00
700,95,CO,True,2025-05-29 12:00:02.792025+00:00,2025-06-03 04:11:02.792025+00:00
701,,ES,True,2025-08-27 16:53:02.792025+00:00,2025-08-31 14:00:02.792025+00:00
702,,PH,False,2025-08-19 14:24:02.792025+00:00,2025-08-23 13:46:02.792025+00:00
703,566,BR,True,2025-07-17 04:13:02.792025+00:00,2025-08-06 14:50:02.792025+00:00
704,155,FR,True,2025-08-19 10:17:02.792025+00:00,2025-08-27 18:33:02.792025+00:00
705,569,IN,True,2025-07-12 05:33:02.792025+00:00,2025-08-03 23:37:02.792025+00:00
706,,AU,False,2025-08-06 04:46:02.792025+00:00,2025-08-12 17:47:02.792025+00:00
707,932,ES,True,2025-05-27 00:24:02.792025+00:00,2025-06-25 06:34:02.792025+00:00
708,,AR,True,2025-09-12 07:12:02.792025+00:00,2025-10-02 11:19:02.792025+00:00
709,538,FR,False,2025-06-18 14:23:02.792025+00:00,2025-07-13 18:28:02.792025+00:00
710,762,ES,True,2025-05-31 13:36:02.792025+00:00,2025-06-09 00:37:02.792025+00:00
711,,DE,True,2025-06-09 16:33:02.792025+00:00,2025-06-20 20:37:02.792025+00:00
712,310,CA,True,2025-08-23 03:58:02.792025+00:00,2025-09-11 04:26:02.792025+00:00
713,,FR,True,2025-06-10 22:41:02.792025+00:00,2025-07-09 23:56:02.792025+00:00
714,,BR,True,2025-08-20 04:05:02.792025+00:00,2025-08-31 02:24:02.792025+00:00
715,,CA,True,2025-06-24 06:25:02.792025+00:00,2025-06-28 08:10:02.792025+00:00
716,923,GB,False,2025-07-10 07:18:02.792025+00:00,2025-08-01 09:03:02.792025+00:00
717,,PH,False,2025-06-30 07:01:02.792025+00:00,2025-07-26 17:50:02.792025+00:00
718,813,DE,False,2025-06-30 00:11:02.792025+00:00,2025-07-26 06:03:02.792025+00:00
719,917,PH,True,2025-08-07 14:08:02.792025+00:00,2025-08-12 13:14:02.792025+00:00
720,,AU,False,2025-05-20 05:39:02.792025+00:00,2025-06-12 03:30:02.792025+00:00
721,,AU,True,2025-07-22 10:19:02.792025+00:00,2025-07-31 20:01:02.792025+00:00
722,742,CA,True,2025-07-20 16:16:02.792025+00:00,2025-08-07 03:02:02.792025+00:00
723,650,GB,True,2025-08-10 18:33:02.792025+00:00,2025-08-18 03:33:02.792025+00:00
724,,US,True,2025-08-31 01:04:02.792025+00:00,2025-09-18 01:58:02.792025+00:00
725,,CL,True,2025-07-06 08:30:02.792025+00:00,2025-07-16 15:31:02.792025+00:00
726,526,ES,True,2025-08-20 04:53:02.792025+00:00,2025-08-22 07:49:02.792025+00:00
727,,CA,True,2025-09-03 02:23:02.792025+00:00,2025-09-17 04:50:02.792025+00:00
728,929,GB,False,2025-06-01 22:17:02.792025+00:00,2025-06-12 11:44:02.792025+00:00
729,849,PE,True,2025-06-06 21:59:02.792025+00:00,2025-07-03 00:21:02.792025+00:00
730,,MX,False,2025-06-25 04:45:02.792025+00:00,2025-07-08 07:13:02.792025+00:00
731,,FR,True,2025-09-08 21:33:02.792025+00:00,2025-09-21 09:04:02.792025+00:00
732,417,PE,True,2025-08-01 23:32:02.792025+00:00,2025-08-25 10:08:02.792025+00:00
733,86,CO,True,2025-08-26 22:33:02.792025+00:00,2025-09-24 01:51:02.792025+00:00
734,4,AR,True,2025-07-31 05:20:02.792025+00:00,2025-08-01 05:26:02.792025+00:00
735,,PH,True,2025-06-25 12:12:02.792025+00:00,2025-07-05 16:49:02.792025+00:00
736,234,US,True,2025-07-14 08:01:02.792025+00:00,2025-07-16 13:40:02.792025+00:00
737,63,PE,False,2025-06-26 06:29:02.792025+00:00,2025-07-26 01:41:02.792025+00:00
738,,ES,True,2025-08-28 18:53:02.792025+00:00,2025-08-29 16:51:02.792025+00:00
739,212,US,True,2025-07-18 21:48:02.792025+00:00,2025-07-25 07:32:02.792025+00:00
740,110,MX,True,2025-06-30 04:32:02.792025+00:00,2025-07-09 14:15:02.792025+00:00
741,982,AU,True,2025-08-04 08:44:02.792025+00:00,2025-08-27 01:49:02.792025+00:00
742,,GB,True,2025-07-24 22:50:02.792025+00:00,2025-08-11 13:52:02.792025+00:00
743,96,BR,True,2025-08-21 11:33:02.792025+00:00,2025-09-11 15:58:02.792025+00:00
744,627,MX,True,2025-08-24 16:47:02.792025+00:00,2025-09-04 19:22:02.792025+00:00
745,352,PE,True,2025-06-12 09:54:02.792025+00:00,2025-07-03 20:24:02.792025+00:00
746,,FR,True,2025-06-19 04:45:02.792025+00:00,2025-07-08 18:18:02.792025+00:00
747,,FR,True,2025-06-07 00:39:02.792025+00:00,2025-06-15 03:58:02.792025+00:00
748,175,MX,True,2025-07-11 14:45:02.792025+00:00,2025-08-09 21:47:02.792025+00:00
749,702,FR,False,2025-05-23 16:45:02.792025+00:00,2025-05-27 00:05:02.792025+00:00
750,,PH,True,2025-09-01 15:33:02.792025+00:00,2025-09-28 21:49:02.792025+00:00
751,971,BR,True,2025-05-25 17:06:02.792025+00:00,2025-06-24 04:09:02.792025+00:00
752,791,CO,True,2025-06-16 13:00:02.792025+00:00,2025-07-12 04:40:02.792025+00:00
753,976,AU,True,2025-06-18 11:55:02.792025+00:00,2025-06-20 00:08:02.792025+00:00
754,591,ES,True,2025-07-03 03:40:02.792025+00:00,2025-07-15 08:30:02.792025+00:00
755,674,CA,True,2025-07-15 05:42:02.792025+00:00,2025-07-31 08:10:02.792025+00:00
756,147,AR,False,2025-06-19 01:47:02.792025+00:00,2025-07-09 21:30:02.792025+00:00
757,853,AR,False,2025-06-18 11:40:02.792025+00:00,2025-06-20 23:10:02.792025+00:00
758,748,BR,True,2025-05-27 16:57:02.792025+00:00,2025-06-15 18:26:02.792025+00:00
759,,BR,True,2025-08-20 06:41:02.792025+00:00,2025-08-31 12:52:02.792025+00:00
760,255,ES,True,2025-08-07 18:53:02.792025+00:00,2025-08-09 14:10:02.792025+00:00
761,355,US,False,2025-06-11 11:06:02.792025+00:00,2025-06-25 05:08:02.792025+00:00
762,,IN,True,2025-06-20 18:19:02.792025+00:00,2025-07-08 15:20:02.792025+00:00
763,611,ES,True,2025-06-29 07:44:02.792025+00:00,2025-07-28 22:11:02.792025+00:00
764,,PH,True,2025-09-07 09:33:02.792025+00:00,2025-09-17 19:41:02.792025+00:00
765,13,ES,True,2025-07-11 22:03:02.792025+00:00,2025-08-05 08:17:02.792025+00:00
766,,AR,True,2025-08-03 00:05:02.792025+00:00,2025-08-18 04:44:02.792025+00:00
767,818,ES,True,2025-07-30 12:11:02.792025+00:00,2025-08-29 03:48:02.792025+00:00
768,281,MX,True,2025-08-17 05:45:02.792025+00:00,2025-08-26 19:47:02.792025+00:00
769,75,IN,False,2025-07-08 00:34:02.792025+00:00,2025-07-20 04:17:02.792025+00:00
770,331,FR,True,2025-06-08 23:31:02.792025+00:00,2025-07-05 20:46:02.792025+00:00
771,836,MX,True,2025-07-27 20:14:02.792025+00:00,2025-08-22 05:04:02.792025+00:00
772,,GB,False,2025-08-21 06:02:02.792025+00:00,2025-08-28 07:13:02.792025+00:00
773,,GB,True,2025-08-23 10:14:02.792025+00:00,2025-09-13 18:06:02.792025+00:00
774,275,BR,True,2025-06-14 18:38:02.792025+00:00,2025-07-11 15:30:02.792025+00:00
775,,US,True,2025-06-08 23:41:02.792025+00:00,2025-06-12 21:41:02.792025+00:00
776,,CA,True,2025-08-14 19:50:02.792025+00:00,2025-08-19 07:36:02.792025+00:00
777,,BR,True,2025-06-20 14:01:02.792025+00:00,2025-07-05 12:58:02.792025+00:00
778,,ES,True,2025-08-27 01:33:02.792025+00:00,2025-09-15 22:33:02.792025+00:00
779,,BR,True,2025-08-15 08:27:02.792025+00:00,2025-09-02 04:15:02.792025+00:00
780,540,DE,True,2025-08-30 07:40:02.792025+00:00,2025-09-25 04:17:02.792025+00:00
781,,CO,True,2025-07-22 07:32:02.792025+00:00,2025-08-03 16:41:02.792025+00:00
782,,CL,True,2025-08-03 18:34:02.792025+00:00,2025-09-02 12:43:02.792025+00:00
783,812,GB,True,2025-08-16 16:00:02.792025+00:00,2025-09-13 05:51:02.792025+00:00
784,34,PE,False,2025-06-18 21:27:02.792025+00:00,2025-07-16 14:43:02.792025+00:00
785,760,DE,True,2025-08-23 19:42:02.792025+00:00,2025-09-14 23:58:02.792025+00:00
786,,MX,True,2025-08-01 00:05:02.792025+00:00,2025-08-18 17:38:02.792025+00:00
787,289,PE,True,2025-06-20 19:57:02.792025+00:00,2025-07-13 18:55:02.792025+00:00
788,,CA,False,2025-05-27 21:34:02.792025+00:00,2025-06-06 04:49:02.792025+00:00
789,,CL,True,2025-09-05 04:54:02.792025+00:00,2025-10-05 04:34:02.792025+00:00
790,,MX,False,2025-06-29 11:48:02.792025+00:00,2025-07-04 20:52:02.792025+00:00
791,696,IN,True,2025-06-30 03:15:02.792025+00:00,2025-07-28 08:02:02.792025+00:00
792,,CA,False,2025-07-22 05:52:02.792025+00:00,2025-08-14 08:33:02.792025+00:00
793,,FR,True,2025-07-14 08:14:02.792025+00:00,2025-07-20 03:04:02.792025+00:00
794,189,CA,True,2025-06-14 01:17:02.792025+00:00,2025-07-02 14:35:02.792025+00:00
795,,CA,True,2025-07-05 15:46:02.792025+00:00,2025-07-30 23:08:02.792025+00:00
796,140,CA,True,2025-07-15 17:27:02.792025+00:00,2025-07-31 08:03:02.792025+00:00
797,,ES,False,2025-06-13 13:58:02.792025+00:00,2025-07-05 21:56:02.792025+00:00
798,789,CO,True,2025-05-18 00:37:02.792025+00:00,2025-06-06 11:22:02.792025+00:00
799,808,GB,False,2025-08-20 08:12:02.792025+00:00,2025-09-06 04:54:02.792025+00:00
800,982,AR,False,2025-06-12 03:21:02.792025+00:00,2025-06-23 19:23:02.792025+00:00
801,678,CA,True,2025-08-29 05:52:02.792025+00:00,2025-09-27 00:09:02.792025+00:00
802,466,ES,True,2025-08-28 17:35:02.792025+00:00,2025-09-27 07:35:02.792025+00:00
803,,PH,False,2025-06-06 12:40:02.792025+00:00,2025-06-15 12:27:02.792025+00:00
804,195,GB,True,2025-07-23 18:57:02.792025+00:00,2025-08-12 00:44:02.792025+00:00
805,296,GB,True,2025-07-01 20:07:02.792025+00:00,2025-07-11 02:24:02.792025+00:00
806,,PH,True,2025-08-17 22:32:02.792025+00:00,2025-09-12 00:45:02.792025+00:00
807,,ES,True,2025-06-29 04:27:02.792025+00:00,2025-07-21 17:44:02.792025+00:00
808,649,CL,True,2025-09-05 07:12:02.792025+00:00,2025-09-07 21:55:02.792025+00:00
809,,CL,True,2025-06-24 22:37:02.792025+00:00,2025-07-17 16:02:02.792025+00:00
810,347,PH,True,2025-08-16 07:44:02.792025+00:00,2025-08-31 15:47:02.792025+00:00
811,,CA,True,2025-05-25 05:18:02.792025+00:00,2025-05-29 05:35:02.792025+00:00
812,484,MX,False,2025-08-08 10:58:02.792025+00:00,2025-08-19 02:08:02.792025+00:00
813,,ES,True,2025-07-24 21:35:02.792025+00:00,2025-07-26 21:33:02.792025+00:00
814,,CL,True,2025-08-02 04:05:02.792025+00:00,2025-08-19 11:09:02.792025+00:00
815,,DE,True,2025-09-12 16:54:02.792025+00:00,2025-10-10 21:18:02.792025+00:00
816,169,CO,False,2025-06-21 21:09:02.792025+00:00,2025-07-20 03:54:02.792025+00:00
817,,FR,True,2025-07-02 08:42:02.792025+00:00,2025-07-13 18:54:02.792025+00:00
818,440,CA,True,2025-06-16 07:11:02.792025+00:00,2025-07-15 13:12:02.792025+00:00
819,,BR,True,2025-06-24 03:07:02.792025+00:00,2025-07-23 11:26:02.792025+00:00
820,,MX,True,2025-07-31 03:22:02.792025+00:00,2025-08-08 18:41:02.792025+00:00
821,,DE,True,2025-08-18 22:14:02.792025+00:00,2025-09-08 06:30:02.792025+00:00
822,238,BR,True,2025-06-17 07:47:02.792025+00:00,2025-06-21 17:17:02.792025+00:00
823,113,AU,True,2025-08-27 17:44:02.792025+00:00,2025-09-12 18:41:02.792025+00:00
824,132,CA,True,2025-08-25 18:18:02.792025+00:00,2025-08-28 16:19:02.792025+00:00
825,519,AU,True,2025-08-23 22:32:02.792025+00:00,2025-08-25 08:17:02.792025+00:00
826,367,GB,False,2025-07-22 15:43:02.792025+00:00,2025-08-13 23:35:02.792025+00:00
827,100,AU,True,2025-07-11 11:49:02.792025+00:00,2025-07-25 13:53:02.792025+00:00
828,,CO,True,2025-08-27 03:38:02.792025+00:00,2025-09-19 18:51:02.792025+00:00
829,515,AR,False,2025-06-26 17:33:02.792025+00:00,2025-07-22 14:16:02.792025+00:00
830,165,CO,True,2025-09-04 21:19:02.792025+00:00,2025-09-14 22:18:02.792025+00:00
831,16,FR,True,2025-09-02 09:07:02.792025+00:00,2025-09-12 12:36:02.792025+00:00
832,,ES,True,2025-07-25 15:59:02.792025+00:00,2025-08-09 19:29:02.792025+00:00
833,,AR,True,2025-08-23 22:47:02.792025+00:00,2025-09-20 13:14:02.792025+00:00
834,133,AR,False,2025-08-15 20:17:02.792025+00:00,2025-08-23 18:23:02.792025+00:00
835,449,DE,False,2025-08-18 05:27:02.792025+00:00,2025-09-10 15:57:02.792025+00:00
836,955,MX,True,2025-06-28 20:50:02.792025+00:00,2025-07-03 05:05:02.792025+00:00
837,242,ES,True,2025-08-29 21:07:02.792025+00:00,2025-09-16 15:29:02.792025+00:00
838,285,DE,True,2025-09-10 04:34:02.792025+00:00,2025-09-17 22:23:02.792025+00:00
839,243,BR,False,2025-05-24 21:50:02.792025+00:00,2025-06-02 03:45:02.792025+00:00
840,,BR,True,2025-06-29 17:39:02.792025+00:00,2025-07-12 21:30:02.792025+00:00
841,356,CL,True,2025-09-02 23:20:02.792025+00:00,2025-09-15 07:55:02.792025+00:00
842,,GB,True,2025-07-22 08:26:02.792025+00:00,2025-07-31 03:02:02.792025+00:00
843,718,BR,False,2025-07-27 05:12:02.792025+00:00,2025-08-05 21:52:02.792025+00:00
844,,CL,True,2025-08-14 06:52:02.792025+00:00,2025-09-04 22:50:02.792025+00:00
845,,GB,False,2025-07-13 02:01:02.792025+00:00,2025-07-21 21:55:02.792025+00:00
846,,MX,True,2025-07-10 19:53:02.792025+00:00,2025-07-18 02:32:02.792025+00:00
847,323,GB,True,2025-07-10 08:59:02.792025+00:00,2025-08-05 17:08:02.792025+00:00
848,658,MX,False,2025-08-29 08:29:02.792025+00:00,2025-09-18 09:29:02.792025+00:00
849,,MX,True,2025-08-31 09:45:02.792025+00:00,2025-09-19 06:35:02.792025+00:00
850,,BR,True,2025-09-06 06:11:02.792025+00:00,2025-09-27 20:09:02.792025+00:00
851,899,AR,False,2025-05-17 09:21:02.792025+00:00,2025-06-11 16:30:02.792025+00:00
852,947,CO,True,2025-08-24 09:14:02.792025+00:00,2025-09-04 10:53:02.792025+00:00
853,563,AU,True,2025-07-25 00:24:02.792025+00:00,2025-08-14 17:45:02.792025+00:00
854,,AR,True,2025-08-06 15:09:02.792025+00:00,2025-08-29 09:07:02.792025+00:00
855,,IN,True,2025-07-14 13:14:02.792025+00:00,2025-07-18 05:13:02.792025+00:00
856,,PH,False,2025-06-05 08:20:02.792025+00:00,2025-06-27 13:13:02.792025+00:00
857,,IN,True,2025-06-09 21:18:02.792025+00:00,2025-06-24 19:13:02.792025+00:00
858,714,IN,True,2025-08-09 10:57:02.792025+00:00,2025-08-22 05:01:02.792025+00:00
859,920,US,False,2025-06-09 22:42:02.792025+00:00,2025-06-25 14:29:02.792025+00:00
860,787,CL,True,2025-07-20 04:10:02.792025+00:00,2025-08-07 19:47:02.792025+00:00
861,,CA,False,2025-06-07 05:12:02.792025+00:00,2025-07-01 02:54:02.792025+00:00
862,300,GB,True,2025-07-27 18:47:02.792025+00:00,2025-08-05 17:03:02.792025+00:00
863,133,CO,False,2025-06-25 15:51:02.792025+00:00,2025-07-14 06:08:02.792025+00:00
864,115,GB,True,2025-08-18 00:58:02.792025+00:00,2025-08-27 10:58:02.792025+00:00
865,883,IN,True,2025-07-01 06:13:02.792025+00:00,2025-07-20 14:56:02.792025+00:00
866,557,IN,True,2025-07-13 08:19:02.792025+00:00,2025-07-22 03:58:02.792025+00:00
867,297,CL,False,2025-07-01 03:42:02.792025+00:00,2025-07-13 19:10:02.792025+00:00
868,346,BR,False,2025-06-11 20:00:02.792025+00:00,2025-06-11 21:51:02.792025+00:00
869,,AR,True,2025-08-19 19:08:02.792025+00:00,2025-09-13 22:32:02.792025+00:00
870,282,AR,False,2025-08-08 11:25:02.792025+00:00,2025-09-01 09:01:02.792025+00:00
871,802,CL,True,2025-05-23 02:38:02.792025+00:00,2025-06-06 23:51:02.792025+00:00
872,613,AR,True,2025-05-25 10:08:02.792025+00:00,2025-06-07 08:58:02.792025+00:00
873,,PE,True,2025-07-02 15:20:02.792025+00:00,2025-07-10 01:36:02.792025+00:00
874,880,CO,False,2025-07-20 18:52:02.792025+00:00,2025-08-01 13:41:02.792025+00:00
875,,AR,True,2025-06-15 02:29:02.792025+00:00,2025-06-16 22:21:02.792025+00:00
876,,AR,True,2025-07-25 04:32:02.792025+00:00,2025-07-25 12:06:02.792025+00:00
877,,MX,True,2025-07-31 09:14:02.792025+00:00,2025-08-17 12:43:02.792025+00:00
878,302,PH,True,2025-07-12 06:26:02.792025+00:00,2025-07-27 06:21:02.792025+00:00
879,,FR,True,2025-06-16 05:58:02.792025+00:00,2025-07-10 06:41:02.792025+00:00
880,473,PH,False,2025-07-09 14:28:02.792025+00:00,2025-07-27 04:48:02.792025+00:00
881,122,GB,True,2025-06-09 21:20:02.792025+00:00,2025-06-12 12:56:02.792025+00:00
882,972,US,False,2025-07-27 02:34:02.792025+00:00,2025-08-11 18:55:02.792025+00:00
883,512,PH,True,2025-07-21 10:11:02.792025+00:00,2025-07-29 16:19:02.792025+00:00
884,554,PE,True,2025-07-30 09:22:02.792025+00:00,2025-08-22 02:41:02.792025+00:00
885,414,FR,True,2025-08-31 15:48:02.792025+00:00,2025-09-04 20:59:02.792025+00:00
886,271,CL,True,2025-09-05 11:51:02.792025+00:00,2025-09-23 07:44:02.792025+00:00
887,949,ES,False,2025-09-10 05:55:02.792025+00:00,2025-09-16 11:10:02.792025+00:00
888,489,ES,True,2025-09-06 18:50:02.792025+00:00,2025-10-01 11:33:02.792025+00:00
889,,AR,False,2025-08-28 23:50:02.792025+00:00,2025-09-25 18:38:02.792025+00:00
890,675,GB,False,2025-08-23 05:33:02.792025+00:00,2025-09-20 10:05:02.792025+00:00
891,,CA,True,2025-06-05 19:15:02.792025+00:00,2025-06-14 00:57:02.792025+00:00
892,38,CO,True,2025-08-09 22:09:02.792025+00:00,2025-08-11 16:50:02.792025+00:00
893,276,US,True,2025-08-22 00:21:02.792025+00:00,2025-09-10 02:24:02.792025+00:00
894,805,IN,True,2025-09-05 03:28:02.792025+00:00,2025-09-10 08:02:02.792025+00:00
895,88,GB,False,2025-09-10 00:03:02.792025+00:00,2025-09-22 10:58:02.792025+00:00
896,102,AU,False,2025-06-16 13:18:02.792025+00:00,2025-06-25 11:37:02.792025+00:00
897,810,DE,False,2025-09-08 12:05:02.792025+00:00,2025-09-15 01:34:02.792025+00:00
898,309,DE,True,2025-08-07 11:54:02.792025+00:00,2025-08-20 21:12:02.792025+00:00
899,274,PH,True,2025-05-23 10:07:02.792025+00:00,2025-06-17 09:35:02.792025+00:00
900,566,DE,True,2025-06-20 18:55:02.792025+00:00,2025-06-21 06:02:02.792025+00:00
901,195,AR,False,2025-09-04 23:09:02.792025+00:00,2025-09-08 09:33:02.792025+00:00
902,43,ES,True,2025-06-11 20:58:02.792025+00:00,2025-06-30 06:50:02.792025+00:00
903,5,BR,False,2025-06-14 21:19:02.792025+00:00,2025-06-24 04:48:02.792025+00:00
904,80,CL,True,2025-06-22 19:18:02.792025+00:00,2025-07-01 03:07:02.792025+00:00
905,159,FR,True,2025-06-27 06:40:02.792025+00:00,2025-07-08 23:10:02.792025+00:00
906,697,MX,True,2025-05-30 08:52:02.792025+00:00,2025-06-01 09:50:02.792025+00:00
907,298,FR,True,2025-06-14 22:02:02.792025+00:00,2025-06-30 14:23:02.792025+00:00
908,,GB,True,2025-06-26 05:23:02.792025+00:00,2025-07-03 10:12:02.792025+00:00
909,72,AR,True,2025-05-17 13:34:02.792025+00:00,2025-06-04 22:47:02.792025+00:00
910,15,CO,True,2025-08-03 13:55:02.792025+00:00,2025-08-25 17:26:02.792025+00:00
911,478,FR,True,2025-07-21 12:35:02.792025+00:00,2025-07-25 01:50:02.792025+00:00
912,,IN,True,2025-05-25 23:59:02.792025+00:00,2025-06-06 17:29:02.792025+00:00
913,,FR,True,2025-06-30 11:02:02.792025+00:00,2025-07-15 19:32:02.792025+00:00
914,,PE,True,2025-07-02 01:27:02.792025+00:00,2025-07-06 05:22:02.792025+00:00
915,,DE,True,2025-09-06 17:24:02.792025+00:00,2025-09-28 22:50:02.792025+00:00
916,841,PE,True,2025-05-16 21:53:02.792025+00:00,2025-06-01 17:31:02.792025+00:00
917,,CL,True,2025-06-05 09:24:02.792025+00:00,2025-07-01 15:49:02.792025+00:00
918,339,AR,True,2025-06-03 07:19:02.792025+00:00,2025-06-07 01:54:02.792025+00:00
919,,BR,True,2025-09-08 08:58:02.792025+00:00,2025-09-28 16:54:02.792025+00:00
920,64,AU,True,2025-07-10 15:15:02.792025+00:00,2025-07-27 19:46:02.792025+00:00
921,229,DE,True,2025-06-18 04:57:02.792025+00:00,2025-07-09 22:24:02.792025+00:00
922,,MX,True,2025-05-20 14:32:02.792025+00:00,2025-05-29 01:46:02.792025+00:00
923,500,IN,True,2025-05-16 09:31:02.792025+00:00,2025-05-26 10:16:02.792025+00:00
924,,MX,True,2025-07-25 14:51:02.792025+00:00,2025-07-29 13:53:02.792025+00:00
925,189,GB,True,2025-07-13 05:06:02.792025+00:00,2025-07-26 08:38:02.792025+00:00
926,,MX,False,2025-07-08 15:59:02.792025+00:00,2025-07-10 00:27:02.792025+00:00
927,,CL,True,2025-07-13 16:25:02.792025+00:00,2025-08-12 01:39:02.792025+00:00
928,979,DE,True,2025-07-23 22:01:02.792025+00:00,2025-08-22 09:45:02.792025+00:00
929,,AU,True,2025-07-05 03:13:02.792025+00:00,2025-07-27 22:04:02.792025+00:00
930,764,AU,True,2025-07-31 08:46:02.792025+00:00,2025-07-31 08:54:02.792025+00:00
931,,PH,True,2025-06-20 02:27:02.792025+00:00,2025-07-18 00:49:02.792025+00:00
932,345,BR,False,2025-05-18 23:31:02.792025+00:00,2025-05-22 15:01:02.792025+00:00
933,952,US,True,2025-05-19 23:12:02.792025+00:00,2025-06-16 22:00:02.792025+00:00
934,,PH,True,2025-08-20 19:24:02.792025+00:00,2025-08-29 15:01:02.792025+00:00
935,326,PH,False,2025-08-07 17:20:02.792025+00:00,2025-08-27 15:36:02.792025+00:00
936,141,AR,False,2025-08-25 21:41:02.792025+00:00,2025-08-30 12:06:02.792025+00:00
937,939,CO,False,2025-05-22 15:13:02.792025+00:00,2025-05-22 23:47:02.792025+00:00
938,,DE,False,2025-07-15 06:50:02.792025+00:00,2025-07-15 17:27:02.792025+00:00
939,960,US,True,2025-06-08 21:51:02.792025+00:00,2025-07-03 13:38:02.792025+00:00
940,,CO,True,2025-08-02 21:13:02.792025+00:00,2025-08-12 07:27:02.792025+00:00
941,,AU,False,2025-06-28 13:15:02.792025+00:00,2025-07-10 06:48:02.792025+00:00
942,313,ES,True,2025-09-11 03:27:02.792025+00:00,2025-09-18 05:39:02.792025+00:00
943,595,US,False,2025-08-03 11:53:02.792025+00:00,2025-08-19 07:48:02.792025+00:00
944,,DE,True,2025-07-26 04:50:02.792025+00:00,2025-08-09 09:44:02.792025+00:00
945,174,CL,False,2025-07-29 14:32:02.792025+00:00,2025-07-31 13:11:02.792025+00:00
946,642,GB,True,2025-08-17 19:57:02.792025+00:00,2025-09-08 23:40:02.792025+00:00
947,,PH,False,2025-08-15 03:34:02.792025+00:00,2025-08-17 06:39:02.792025+00:00
948,691,BR,False,2025-05-25 05:29:02.792025+00:00,2025-06-06 00:58:02.792025+00:00
949,710,DE,True,2025-05-20 20:46:02.792025+00:00,2025-05-25 16:24:02.792025+00:00
950,,IN,True,2025-06-28 14:05:02.792025+00:00,2025-06-29 07:48:02.792025+00:00
951,569,PE,True,2025-08-23 15:06:02.792025+00:00,2025-09-01 14:09:02.792025+00:00
952,705,AU,True,2025-07-25 17:26:02.792025+00:00,2025-08-08 23:55:02.792025+00:00
953,556,PE,True,2025-06-08 19:13:02.792025+00:00,2025-06-16 15:03:02.792025+00:00
954,,PE,True,2025-07-12 00:10:02.792025+00:00,2025-07-24 08:36:02.792025+00:00
955,,PH,True,2025-07-11 06:49:02.792025+00:00,2025-08-02 19:42:02.792025+00:00
956,820,DE,False,2025-09-06 21:45:02.792025+00:00,2025-09-26 08:26:02.792025+00:00
957,180,PH,True,2025-05-17 13:56:02.792025+00:00,2025-05-18 14:04:02.792025+00:00
958,484,CA,True,2025-05-18 19:38:02.792025+00:00,2025-05-20 09:25:02.792025+00:00
959,417,FR,True,2025-08-13 11:29:02.792025+00:00,2025-08-29 05:25:02.792025+00:00
960,534,BR,True,2025-06-23 01:40:02.792025+00:00,2025-07-19 05:51:02.792025+00:00
961,,CL,True,2025-05-25 13:16:02.792025+00:00,2025-06-23 11:37:02.792025+00:00
962,143,IN,True,2025-09-10 06:51:02.792025+00:00,2025-09-28 19:34:02.792025+00:00
963,,DE,True,2025-07-12 12:40:02.792025+00:00,2025-07-17 16:56:02.792025+00:00
964,324,AR,True,2025-06-24 16:36:02.792025+00:00,2025-06-25 08:06:02.792025+00:00
965,955,AR,False,2025-07-20 07:58:02.792025+00:00,2025-08-01 12:34:02.792025+00:00
966,106,CA,True,2025-08-29 02:58:02.792025+00:00,2025-09-02 04:29:02.792025+00:00
967,636,MX,True,2025-07-03 05:32:02.792025+00:00,2025-07-22 21:58:02.792025+00:00
968,,US,True,2025-06-23 23:37:02.792025+00:00,2025-07-12 02:16:02.792025+00:00
969,,CA,True,2025-06-08 11:23:02.792025+00:00,2025-06-09 13:55:02.792025+00:00
970,,AR,False,2025-08-20 12:50:02.792025+00:00,2025-09-12 06:35:02.792025+00:00
971,665,CA,True,2025-05-31 15:22:02.792025+00:00,2025-06-08 16:41:02.792025+00:00
972,,GB,True,2025-05-25 15:46:02.792025+00:00,2025-06-04 11:12:02.792025+00:00
973,475,AU,True,2025-06-16 21:50:02.792025+00:00,2025-06-21 16:56:02.792025+00:00
974,,ES,True,2025-08-31 18:46:02.792025+00:00,2025-09-13 22:09:02.792025+00:00
975,34,PH,True,2025-08-01 02:47:02.792025+00:00,2025-08-29 15:13:02.792025+00:00
976,35,IN,True,2025-07-09 11:46:02.792025+00:00,2025-07-29 14:05:02.792025+00:00
977,276,BR,False,2025-06-29 08:35:02.792025+00:00,2025-07-10 23:45:02.792025+00:00
978,103,AU,True,2025-08-17 10:09:02.792025+00:00,2025-09-05 11:39:02.792025+00:00
979,95,CA,True,2025-06-01 15:49:02.792025+00:00,2025-06-20 14:29:02.792025+00:00
980,,US,True,2025-06-21 21:20:02.792025+00:00,2025-07-15 02:19:02.792025+00:00
981,,CO,True,2025-06-01 21:52:02.792025+00:00,2025-06-29 14:15:02.792025+00:00
982,,AR,True,2025-08-24 17:17:02.792025+00:00,2025-08-25 20:21:02.792025+00:00
983,161,CO,False,2025-08-27 07:26:02.792025+00:00,2025-09-23 12:27:02.792025+00:00
984,191,CL,False,2025-07-22 22:24:02.792025+00:00,2025-07-25 09:13:02.792025+00:00
985,839,AU,False,2025-07-12 02:48:02.792025+00:00,2025-07-27 16:33:02.792025+00:00
986,639,ES,True,2025-07-12 04:23:02.792025+00:00,2025-08-01 04:21:02.792025+00:00
987,31,CO,False,2025-05-31 08:55:02.792025+00:00,2025-06-22 09:32:02.792025+00:00
988,629,ES,False,2025-08-20 05:29:02.792025+00:00,2025-08-22 05:29:02.792025+00:00
989,137,BR,True,2025-08-21 14:01:02.792025+00:00,2025-09-01 22:25:02.792025+00:00
990,422,IN,True,2025-09-04 06:50:02.792025+00:00,2025-10-02 15:37:02.792025+00:00
991,39,US,True,2025-05-23 12:28:02.792025+00:00,2025-05-24 09:40:02.792025+00:00
992,,CA,True,2025-06-28 13:30:02.792025+00:00,2025-07-06 11:24:02.792025+00:00
993,91,PE,True,2025-06-25 09:28:02.792025+00:00,2025-07-19 06:35:02.792025+00:00
994,,CO,False,2025-06-20 09:43:02.792025+00:00,2025-07-14 13:09:02.792025+00:00
995,133,FR,True,2025-07-12 15:53:02.792025+00:00,2025-07-31 01:46:02.792025+00:00
996,,PE,False,2025-07-09 19:44:02.792025+00:00,2025-07-28 13:38:02.792025+00:00
997,,CA,True,2025-08-28 09:38:02.792025+00:00,2025-09-12 17:08:02.792025+00:00
998,,DE,True,2025-05-19 23:02:02.792025+00:00,2025-06-16 14:57:02.792025+00:00
999,,CA,False,2025-06-17 16:05:02.792025+00:00,2025-07-13 21:46:02.792025+00:00
1000,,PE,True,2025-07-12 09:36:02.792025+00:00,2025-08-06 17:21:02.792025+00:00
