id,timestamp,player_id,type,amount
1,2024-01-10 17:07:01+00:00,7,Withdraw,213.13
2,2024-02-09 19:19:27+00:00,4,Withdraw,182.64
3,2024-02-13 05:40:50+00:00,8,Withdraw,184.22
5,2024-03-27 16:28:29+00:00,7,Withdraw,525.23
7,2024-04-16 19:27:32+00:00,3,Withdraw,291.94
8,2024-09-05 07:53:23+00:00,7,Withdraw,612.24
9,2024-10-13 00:24:33+00:00,8,Withdraw,140.35
10,2025-10-04 11:43:02.835538+00:00,457,withdrawal,4577.0
11,2025-09-01 10:34:02.835622+00:00,963,deposit,118.0
12,2025-08-29 23:35:02.835671+00:00,546,deposit,3176.0
13,2025-09-19 05:55:02.835716+00:00,507,withdrawal,3130.0
14,2025-10-05 15:55:02.835760+00:00,342,withdrawal,155.0
15,2025-09-11 12:49:02.835804+00:00,168,win,3930.0
16,2025-09-18 14:07:02.835847+00:00,161,deposit,3329.0
17,2025-08-19 14:27:02.835890+00:00,532,bet,1636.0
18,2025-08-20 08:07:02.835932+00:00,357,win,3104.0
19,2025-09-11 07:50:02.835974+00:00,174,withdrawal,728.0
20,2025-09-17 18:25:02.836017+00:00,619,withdrawal,1430.0
21,2025-08-26 13:31:02.836058+00:00,253,withdrawal,3367.0
22,2025-08-30 23:40:02.836100+00:00,54,win,4654.0
23,2025-08-22 07:58:02.836142+00:00,306,deposit,4772.0
24,2025-10-01 20:43:02.836184+00:00,883,withdrawal,2378.0
25,2025-10-01 15:40:02.836226+00:00,837,win,1734.0
26,2025-10-03 12:15:02.836268+00:00,410,win,2266.0
27,2025-08-27 17:46:02.836310+00:00,300,withdrawal,1847.0
28,2025-08-14 05:25:02.836351+00:00,743,win,3317.0
29,2025-08-14 17:34:02.836393+00:00,542,withdrawal,2999.0
30,2025-09-16 17:05:02.836435+00:00,44,withdrawal,273.0
31,2025-09-25 18:08:02.836477+00:00,969,win,3354.0
32,2025-09-11 00:32:02.836519+00:00,138,withdrawal,4861.0
33,2025-09-02 11:37:02.836560+00:00,64,bet,881.0
34,2025-09-22 10:02:02.836602+00:00,237,win,4351.0
35,2025-09-16 11:12:02.836644+00:00,304,withdrawal,3352.0
36,2025-08-22 09:26:02.836686+00:00,295,win,1297.0
37,2025-09-20 05:38:02.836727+00:00,363,withdrawal,874.0
38,2025-10-08 21:21:02.836769+00:00,921,deposit,3082.0
39,2025-10-05 06:57:02.836811+00:00,660,bet,971.0
40,2025-10-05 04:42:02.836852+00:00,565,deposit,4065.0
41,2025-09-24 15:14:02.836894+00:00,21,withdrawal,4313.0
42,2025-09-02 03:19:02.836935+00:00,844,deposit,537.0
43,2025-09-18 19:27:02.836977+00:00,979,deposit,4253.0
44,2025-09-28 14:27:02.837018+00:00,725,bet,2720.0
45,2025-09-18 11:00:02.837060+00:00,383,win,3585.0
46,2025-09-26 13:58:02.837101+00:00,740,win,1040.0
47,2025-08-18 10:17:02.837143+00:00,565,bet,2448.0
48,2025-09-19 13:05:02.837184+00:00,940,withdrawal,3058.0
49,2025-08-30 17:14:02.837226+00:00,786,bet,48.0
50,2025-09-17 09:01:02.837267+00:00,913,bet,3389.0
51,2025-08-16 13:08:02.837309+00:00,914,deposit,2872.0
52,2025-09-12 02:47:02.837350+00:00,499,bet,2055.0
53,2025-09-01 00:45:02.837391+00:00,69,withdrawal,4552.0
54,2025-09-15 13:32:02.837435+00:00,529,bet,334.0
55,2025-09-11 17:34:02.837477+00:00,57,bet,2146.0
56,2025-09-25 17:43:02.837518+00:00,295,deposit,2262.0
57,2025-09-30 10:06:02.837559+00:00,712,win,3258.0
58,2025-09-21 00:07:02.837601+00:00,432,deposit,752.0
59,2025-08-19 23:16:02.837642+00:00,436,win,3028.0
60,2025-08-18 18:23:02.837684+00:00,978,withdrawal,1387.0
61,2025-09-15 18:36:02.837725+00:00,310,deposit,3073.0
62,2025-08-15 00:17:02.837767+00:00,923,bet,1711.0
63,2025-09-20 21:39:02.837808+00:00,736,deposit,295.0
64,2025-09-01 08:56:02.837849+00:00,641,withdrawal,3626.0
65,2025-10-11 13:18:02.837891+00:00,178,deposit,356.0
66,2025-08-20 13:16:02.837932+00:00,853,bet,2565.0
67,2025-08-20 20:17:02.837974+00:00,267,withdrawal,241.0
68,2025-09-16 07:15:02.838016+00:00,179,withdrawal,623.0
69,2025-09-20 22:01:02.838059+00:00,793,deposit,1878.0
70,2025-09-20 22:55:02.838102+00:00,272,deposit,3848.0
71,2025-10-02 05:10:02.838145+00:00,577,win,2173.0
72,2025-08-25 02:51:02.838200+00:00,284,win,656.0
73,2025-09-27 17:23:02.838243+00:00,442,deposit,1802.0
74,2025-09-01 02:16:02.838285+00:00,368,deposit,3533.0
75,2025-09-30 22:24:02.838327+00:00,912,deposit,667.0
76,2025-09-27 21:01:02.838368+00:00,779,withdrawal,2617.0
77,2025-08-31 15:53:02.838410+00:00,19,deposit,651.0
78,2025-08-27 03:02:02.838452+00:00,47,bet,4741.0
79,2025-09-19 00:37:02.838494+00:00,259,withdrawal,3286.0
80,2025-10-03 02:29:02.838535+00:00,693,bet,2913.0
81,2025-09-24 11:53:02.838577+00:00,866,bet,2746.0
82,2025-09-13 18:10:02.838618+00:00,237,win,2902.0
83,2025-10-12 17:05:02.838660+00:00,165,withdrawal,3772.0
84,2025-09-05 23:21:02.838701+00:00,383,win,2620.0
85,2025-10-04 07:22:02.838742+00:00,374,bet,2920.0
86,2025-09-08 23:11:02.838783+00:00,850,deposit,3791.0
87,2025-09-21 07:54:02.838825+00:00,70,win,3846.0
88,2025-10-06 09:15:02.838867+00:00,105,bet,427.0
89,2025-08-28 16:02:02.838909+00:00,106,bet,4278.0
90,2025-09-27 03:21:02.838950+00:00,165,withdrawal,875.0
91,2025-09-19 00:49:02.838991+00:00,126,bet,4270.0
92,2025-08-17 11:31:02.839033+00:00,592,win,222.0
93,2025-10-03 04:44:02.839074+00:00,98,win,3793.0
94,2025-09-15 05:21:02.839116+00:00,662,withdrawal,4038.0
95,2025-09-09 23:21:02.839157+00:00,906,win,289.0
96,2025-09-19 16:14:02.839199+00:00,620,win,4447.0
97,2025-09-03 02:48:02.839240+00:00,544,win,3430.0
98,2025-08-20 12:51:02.839281+00:00,637,deposit,2574.0
99,2025-08-28 03:08:02.839322+00:00,821,deposit,492.0
100,2025-08-20 20:51:02.839364+00:00,973,win,1651.0
101,2025-09-01 04:51:02.839405+00:00,64,bet,4444.0
102,2025-10-01 21:48:02.839446+00:00,997,win,3849.0
103,2025-10-12 10:57:02.839488+00:00,650,withdrawal,4531.0
104,2025-08-31 06:52:02.839529+00:00,310,withdrawal,2968.0
105,2025-08-22 19:33:02.839570+00:00,885,win,4478.0
106,2025-08-23 14:57:02.839612+00:00,750,win,4542.0
107,2025-10-10 19:14:02.839653+00:00,613,deposit,4570.0
108,2025-09-05 08:55:02.839694+00:00,168,bet,150.0
109,2025-10-04 22:07:02.839736+00:00,637,withdrawal,4484.0
110,2025-09-23 15:22:02.839777+00:00,361,deposit,15.0
111,2025-10-10 02:06:02.839819+00:00,184,withdrawal,4843.0
112,2025-10-11 08:45:02.839860+00:00,51,deposit,3789.0
113,2025-08-31 21:26:02.839901+00:00,381,withdrawal,3764.0
114,2025-08-19 11:00:02.839943+00:00,194,bet,1125.0
115,2025-09-27 15:03:02.839986+00:00,146,withdrawal,1199.0
116,2025-08-17 19:34:02.840029+00:00,21,deposit,1235.0
117,2025-09-03 21:05:02.840071+00:00,911,withdrawal,4659.0
118,2025-09-11 19:38:02.840114+00:00,818,withdrawal,4722.0
119,2025-10-03 18:00:02.840167+00:00,358,bet,1758.0
120,2025-09-27 22:47:02.840210+00:00,827,win,788.0
121,2025-10-03 09:02:02.840251+00:00,875,win,2635.0
122,2025-08-27 11:58:02.840293+00:00,321,deposit,3453.0
123,2025-09-23 16:23:02.840336+00:00,710,withdrawal,3619.0
124,2025-08-19 12:24:02.840385+00:00,871,win,4309.0
125,2025-08-24 14:22:02.840431+00:00,993,deposit,4330.0
126,2025-08-28 05:23:02.840473+00:00,516,bet,4059.0
127,2025-10-11 22:46:02.840517+00:00,878,win,4059.0
128,2025-09-10 21:25:02.840570+00:00,1000,win,582.0
129,2025-09-03 06:23:02.840613+00:00,691,deposit,571.0
130,2025-09-29 05:40:02.840654+00:00,899,bet,3302.0
131,2025-09-20 00:59:02.840696+00:00,516,bet,3298.0
132,2025-09-07 00:35:02.840737+00:00,566,withdrawal,3999.0
133,2025-09-24 21:27:02.840778+00:00,608,bet,2822.0
134,2025-09-13 11:21:02.840819+00:00,615,bet,4394.0
135,2025-09-29 23:08:02.840860+00:00,707,withdrawal,313.0
136,2025-09-28 22:47:02.840901+00:00,339,bet,3893.0
137,2025-09-21 19:30:02.840943+00:00,74,bet,3582.0
138,2025-09-14 17:42:02.840984+00:00,490,win,1244.0
139,2025-09-08 08:03:02.841052+00:00,302,withdrawal,1754.0
140,2025-09-07 15:19:02.841171+00:00,314,bet,1515.0
141,2025-09-11 20:31:02.841253+00:00,841,deposit,870.0
142,2025-09-04 15:07:02.841295+00:00,451,deposit,2368.0
143,2025-09-26 09:10:02.841337+00:00,688,withdrawal,2627.0
144,2025-09-30 12:35:02.841379+00:00,515,bet,4418.0
145,2025-10-02 11:12:02.841420+00:00,300,withdrawal,3267.0
146,2025-09-15 08:45:02.841462+00:00,621,deposit,4544.0
147,2025-10-06 15:31:02.841503+00:00,873,win,2367.0
148,2025-08-25 09:45:02.841545+00:00,75,withdrawal,4695.0
149,2025-09-19 09:42:02.841586+00:00,334,bet,2837.0
150,2025-09-10 05:44:02.841628+00:00,152,win,3520.0
151,2025-10-05 08:29:02.841669+00:00,940,bet,501.0
152,2025-09-30 19:32:02.841711+00:00,960,win,4234.0
153,2025-08-20 03:47:02.841752+00:00,860,win,1257.0
154,2025-08-16 18:10:02.841794+00:00,422,win,4208.0
155,2025-09-22 15:32:02.841835+00:00,578,withdrawal,2772.0
156,2025-08-29 14:30:02.841876+00:00,931,bet,2851.0
157,2025-08-31 18:43:02.841918+00:00,34,bet,3672.0
158,2025-09-23 17:07:02.841959+00:00,991,withdrawal,1852.0
159,2025-09-11 20:23:02.842001+00:00,821,deposit,642.0
160,2025-08-25 17:47:02.842042+00:00,221,bet,2789.0
161,2025-09-17 06:04:02.842083+00:00,292,withdrawal,775.0
162,2025-08-23 05:53:02.842125+00:00,77,withdrawal,2729.0
163,2025-09-09 07:27:02.842169+00:00,609,deposit,3562.0
164,2025-08-30 08:07:02.842218+00:00,980,withdrawal,1072.0
165,2025-09-12 22:03:02.842263+00:00,232,bet,4799.0
166,2025-09-12 12:20:02.842305+00:00,357,deposit,1943.0
167,2025-09-11 07:00:02.842357+00:00,262,bet,4213.0
168,2025-08-19 06:02:02.842410+00:00,960,win,4241.0
169,2025-09-02 15:38:02.842455+00:00,588,bet,4236.0
170,2025-08-15 20:00:02.842497+00:00,525,win,1491.0
171,2025-08-22 23:23:02.842538+00:00,118,withdrawal,2646.0
172,2025-08-17 08:09:02.842580+00:00,960,win,2701.0
173,2025-09-25 06:32:02.842621+00:00,30,win,3989.0
174,2025-09-10 09:38:02.842663+00:00,820,win,2794.0
175,2025-08-22 18:10:02.842704+00:00,632,bet,1461.0
176,2025-08-22 20:28:02.842745+00:00,765,win,2836.0
177,2025-09-16 15:54:02.842786+00:00,105,bet,1363.0
178,2025-08-29 16:36:02.842828+00:00,625,bet,3229.0
179,2025-10-05 21:52:02.842869+00:00,794,win,4344.0
180,2025-08-31 16:00:02.842910+00:00,248,withdrawal,3510.0
181,2025-08-22 21:08:02.842951+00:00,8,win,1512.0
182,2025-09-16 14:40:02.842993+00:00,310,deposit,2502.0
183,2025-09-26 22:49:02.843034+00:00,815,bet,4387.0
184,2025-08-16 05:57:02.843076+00:00,253,win,3202.0
185,2025-10-04 10:38:02.843117+00:00,252,bet,1247.0
186,2025-08-30 08:41:02.843158+00:00,93,bet,104.0
187,2025-09-17 12:40:02.843200+00:00,246,bet,3278.0
188,2025-10-03 08:41:02.843241+00:00,964,bet,3136.0
189,2025-09-30 06:45:02.843282+00:00,595,withdrawal,4080.0
190,2025-08-16 14:31:02.843323+00:00,892,withdrawal,840.0
191,2025-09-15 19:14:02.843366+00:00,57,bet,1842.0
192,2025-09-23 01:01:02.843409+00:00,768,withdrawal,1195.0
193,2025-09-13 14:12:02.843451+00:00,453,win,228.0
194,2025-09-08 08:16:02.843494+00:00,524,bet,4006.0
195,2025-08-19 05:01:02.843537+00:00,540,withdrawal,3340.0
196,2025-09-01 23:51:02.843590+00:00,314,deposit,399.0
197,2025-10-12 15:09:02.843633+00:00,156,deposit,1552.0
198,2025-09-24 08:35:02.843687+00:00,968,deposit,375.0
199,2025-08-22 10:05:02.843734+00:00,770,withdrawal,3104.0
200,2025-09-30 10:21:02.843784+00:00,609,withdrawal,1943.0
201,2025-09-27 16:04:02.843826+00:00,48,withdrawal,4977.0
202,2025-10-11 19:32:02.843867+00:00,178,deposit,3392.0
203,2025-09-04 11:29:02.843908+00:00,754,win,802.0
204,2025-09-23 00:58:02.843949+00:00,15,bet,675.0
205,2025-08-29 23:04:02.843991+00:00,535,bet,1683.0
206,2025-09-23 19:30:02.844032+00:00,624,withdrawal,2853.0
207,2025-09-07 12:17:02.844073+00:00,45,bet,4750.0
208,2025-09-11 18:43:02.844114+00:00,954,deposit,2411.0
209,2025-09-24 02:20:02.844155+00:00,689,withdrawal,4539.0
210,2025-09-17 05:24:02.844197+00:00,976,withdrawal,3823.0
211,2025-10-09 22:47:02.844238+00:00,578,deposit,4306.0
212,2025-10-02 15:24:02.844279+00:00,357,withdrawal,363.0
213,2025-09-18 16:52:02.844321+00:00,120,bet,782.0
214,2025-08-17 06:40:02.844362+00:00,509,withdrawal,3085.0
215,2025-10-11 23:42:02.844403+00:00,655,withdrawal,3914.0
216,2025-10-04 12:29:02.844445+00:00,96,win,4853.0
217,2025-10-08 03:27:02.844486+00:00,705,deposit,3130.0
218,2025-08-21 20:27:02.844527+00:00,536,deposit,4953.0
219,2025-09-09 22:58:02.844569+00:00,157,bet,3719.0
220,2025-10-09 14:21:02.844612+00:00,705,win,2584.0
221,2025-09-26 06:24:02.844654+00:00,893,bet,4392.0
222,2025-10-03 05:44:02.844697+00:00,132,win,3944.0
223,2025-09-26 06:01:02.844739+00:00,153,bet,4619.0
224,2025-08-24 13:21:02.844781+00:00,207,withdrawal,243.0
225,2025-08-29 06:12:02.844824+00:00,453,withdrawal,104.0
226,2025-10-12 12:02:02.844866+00:00,914,win,2307.0
227,2025-08-24 10:02:02.844909+00:00,912,bet,1101.0
228,2025-09-08 12:54:02.844951+00:00,819,withdrawal,3989.0
229,2025-09-28 21:55:02.844993+00:00,6,win,4983.0
230,2025-09-14 14:24:02.845036+00:00,779,withdrawal,4135.0
231,2025-09-17 05:31:02.845078+00:00,391,withdrawal,1331.0
232,2025-09-13 20:24:02.845120+00:00,428,withdrawal,752.0
233,2025-08-17 23:35:02.845162+00:00,539,win,1126.0
234,2025-08-15 11:57:02.845205+00:00,267,deposit,4681.0
235,2025-09-22 16:54:02.845247+00:00,138,deposit,4041.0
236,2025-10-06 20:59:02.845289+00:00,112,bet,4398.0
237,2025-08-30 06:55:02.845332+00:00,402,win,2007.0
238,2025-09-03 02:08:02.845374+00:00,824,win,1540.0
239,2025-09-30 08:38:02.845416+00:00,486,deposit,1444.0
240,2025-08-22 11:13:02.845458+00:00,591,win,376.0
241,2025-09-08 03:31:02.845501+00:00,52,deposit,915.0
242,2025-10-01 06:09:02.845543+00:00,104,bet,3526.0
243,2025-09-22 11:48:02.845586+00:00,625,win,344.0
244,2025-10-04 04:51:02.845628+00:00,108,deposit,866.0
245,2025-08-21 16:57:02.845671+00:00,36,bet,417.0
246,2025-08-19 19:42:02.845713+00:00,942,win,2604.0
247,2025-08-20 09:00:02.845755+00:00,490,win,1743.0
248,2025-09-26 19:37:02.845798+00:00,37,deposit,256.0
249,2025-08-17 18:00:02.845840+00:00,118,deposit,3035.0
250,2025-10-11 20:38:02.845883+00:00,175,withdrawal,2144.0
251,2025-08-17 16:07:02.845925+00:00,66,deposit,3192.0
252,2025-08-22 16:04:02.845967+00:00,381,bet,3731.0
253,2025-09-15 23:29:02.846010+00:00,197,withdrawal,4175.0
254,2025-09-09 00:24:02.846052+00:00,726,win,1185.0
255,2025-08-14 06:19:02.846094+00:00,976,deposit,1839.0
256,2025-09-19 18:00:02.846137+00:00,933,deposit,2581.0
257,2025-09-11 09:29:02.846179+00:00,381,deposit,4760.0
258,2025-09-07 04:59:02.846221+00:00,553,win,2363.0
259,2025-09-23 06:22:02.846263+00:00,384,bet,4315.0
260,2025-08-14 08:44:02.846306+00:00,461,deposit,2501.0
261,2025-08-21 19:42:02.846348+00:00,365,deposit,1709.0
262,2025-08-17 09:09:02.846390+00:00,986,withdrawal,2544.0
263,2025-10-11 03:20:02.846432+00:00,250,win,2674.0
264,2025-08-20 05:41:02.846474+00:00,41,withdrawal,1665.0
265,2025-09-01 20:37:02.846517+00:00,641,withdrawal,1318.0
266,2025-09-02 23:19:02.846559+00:00,278,deposit,1367.0
267,2025-09-22 07:47:02.846602+00:00,957,win,916.0
268,2025-09-09 19:48:02.846644+00:00,163,deposit,3766.0
269,2025-09-29 05:31:02.846687+00:00,157,withdrawal,3201.0
270,2025-09-19 19:44:02.846729+00:00,269,bet,1985.0
271,2025-09-26 11:02:02.846771+00:00,771,bet,4592.0
272,2025-09-26 21:36:02.846813+00:00,813,win,1446.0
273,2025-08-25 11:49:02.846855+00:00,724,win,1415.0
274,2025-09-08 08:15:02.846898+00:00,838,deposit,2741.0
275,2025-09-13 04:15:02.846939+00:00,449,withdrawal,20.0
276,2025-10-08 06:52:02.846981+00:00,304,bet,29.0
277,2025-10-08 11:24:02.847023+00:00,557,deposit,2853.0
278,2025-10-06 23:35:02.847064+00:00,283,bet,3195.0
279,2025-09-27 14:15:02.847106+00:00,605,win,1729.0
280,2025-09-24 19:06:02.847147+00:00,8,win,1977.0
281,2025-09-16 12:37:02.847199+00:00,421,win,2141.0
282,2025-09-08 08:37:02.847240+00:00,780,win,2632.0
283,2025-09-18 11:50:02.847282+00:00,708,win,1858.0
284,2025-09-08 03:45:02.847323+00:00,992,deposit,4868.0
285,2025-09-06 22:41:02.847365+00:00,524,bet,3303.0
286,2025-08-25 05:20:02.847406+00:00,687,bet,110.0
287,2025-08-21 09:31:02.847447+00:00,723,bet,3114.0
288,2025-09-19 04:21:02.847497+00:00,778,win,1079.0
289,2025-10-05 07:53:02.847538+00:00,140,bet,2430.0
290,2025-08-16 05:46:02.847580+00:00,767,withdrawal,2366.0
291,2025-09-19 06:47:02.847621+00:00,783,win,2300.0
292,2025-10-12 04:27:02.847662+00:00,963,bet,2110.0
293,2025-09-01 16:37:02.847703+00:00,495,withdrawal,930.0
294,2025-08-22 23:27:02.847745+00:00,291,bet,1938.0
295,2025-08-18 10:10:02.847786+00:00,393,win,157.0
296,2025-10-03 15:42:02.847827+00:00,148,deposit,2449.0
297,2025-09-03 12:23:02.847868+00:00,748,bet,2993.0
298,2025-08-28 09:50:02.847909+00:00,905,deposit,3324.0
299,2025-09-03 19:54:02.847951+00:00,529,withdrawal,978.0
300,2025-09-09 12:56:02.847992+00:00,535,withdrawal,4571.0
301,2025-08-30 16:46:02.848033+00:00,221,deposit,730.0
302,2025-09-13 18:53:02.848074+00:00,561,deposit,4269.0
303,2025-08-23 10:41:02.848116+00:00,485,deposit,2261.0
304,2025-09-09 14:16:02.848157+00:00,465,win,4795.0
305,2025-10-10 22:51:02.848199+00:00,489,win,1129.0
306,2025-09-04 05:31:02.848240+00:00,434,deposit,3112.0
307,2025-10-02 19:15:02.848281+00:00,417,deposit,4190.0
308,2025-09-17 02:23:02.848323+00:00,494,bet,112.0
309,2025-09-08 04:06:02.848365+00:00,175,deposit,3958.0
310,2025-08-24 15:19:02.848406+00:00,146,deposit,1279.0
311,2025-09-21 02:20:02.848447+00:00,933,withdrawal,3081.0
312,2025-09-05 07:24:02.848488+00:00,245,win,921.0
313,2025-09-10 13:31:02.848529+00:00,206,withdrawal,1785.0
314,2025-10-07 17:08:02.848570+00:00,298,win,4934.0
315,2025-10-02 05:52:02.848612+00:00,651,win,2411.0
316,2025-08-28 05:30:02.848653+00:00,714,win,2247.0
317,2025-09-22 04:31:02.848702+00:00,142,withdrawal,3522.0
318,2025-09-10 12:05:02.848745+00:00,723,win,924.0
319,2025-08-23 22:26:02.848788+00:00,74,withdrawal,187.0
320,2025-08-15 22:45:02.848833+00:00,168,withdrawal,341.0
321,2025-09-19 17:27:02.848885+00:00,230,win,130.0
322,2025-08-16 12:40:02.848926+00:00,70,bet,3315.0
323,2025-09-22 18:58:02.848967+00:00,210,deposit,3749.0
324,2025-08-17 12:35:02.849008+00:00,419,win,3481.0
325,2025-09-28 12:33:02.849050+00:00,272,withdrawal,434.0
326,2025-10-03 07:53:02.849091+00:00,997,bet,3902.0
327,2025-08-27 02:27:02.849132+00:00,502,withdrawal,1673.0
328,2025-10-06 15:13:02.849174+00:00,373,bet,4506.0
329,2025-10-05 01:00:02.849215+00:00,924,win,4955.0
330,2025-08-21 05:56:02.849256+00:00,645,win,1581.0
331,2025-10-09 18:40:02.849297+00:00,802,win,1395.0
332,2025-10-10 22:49:02.849339+00:00,428,deposit,4681.0
333,2025-10-03 15:43:02.849380+00:00,496,bet,809.0
334,2025-09-26 23:26:02.849421+00:00,339,deposit,385.0
335,2025-09-09 23:35:02.849463+00:00,693,deposit,1747.0
336,2025-09-25 23:48:02.849504+00:00,39,deposit,1620.0
337,2025-08-17 02:03:02.849545+00:00,841,win,764.0
338,2025-09-24 03:27:02.849587+00:00,143,bet,330.0
339,2025-09-04 20:10:02.849628+00:00,528,win,2444.0
340,2025-09-20 02:51:02.849669+00:00,641,deposit,1195.0
341,2025-09-27 23:58:02.849710+00:00,378,withdrawal,550.0
342,2025-09-18 12:12:02.849752+00:00,610,deposit,4249.0
343,2025-09-27 17:06:02.849793+00:00,841,withdrawal,2015.0
344,2025-08-28 14:01:02.849834+00:00,69,withdrawal,402.0
345,2025-08-30 15:26:02.849875+00:00,958,withdrawal,2347.0
346,2025-09-28 00:02:02.849916+00:00,840,withdrawal,1326.0
347,2025-09-16 11:18:02.849957+00:00,423,withdrawal,755.0
348,2025-09-25 15:52:02.849999+00:00,580,win,4978.0
349,2025-08-20 00:21:02.850040+00:00,907,withdrawal,2259.0
350,2025-09-01 00:16:02.850081+00:00,409,bet,4834.0
351,2025-09-08 20:39:02.850122+00:00,955,bet,2474.0
352,2025-09-25 01:05:02.850163+00:00,741,win,3111.0
353,2025-08-20 21:32:02.850206+00:00,917,withdrawal,2166.0
354,2025-08-31 00:25:02.850248+00:00,778,withdrawal,1745.0
355,2025-09-09 01:50:02.850291+00:00,328,deposit,2540.0
356,2025-09-11 16:48:02.850333+00:00,830,withdrawal,681.0
357,2025-10-08 15:41:02.850375+00:00,636,withdrawal,646.0
358,2025-10-06 00:51:02.850417+00:00,944,withdrawal,3126.0
359,2025-08-28 08:09:02.850459+00:00,426,withdrawal,2767.0
360,2025-09-25 14:12:02.850567+00:00,124,win,1394.0
361,2025-09-02 02:34:02.850609+00:00,53,withdrawal,3519.0
362,2025-08-31 18:38:02.850650+00:00,838,deposit,1811.0
363,2025-09-24 00:14:02.850692+00:00,299,withdrawal,1457.0
364,2025-09-10 15:31:02.850733+00:00,817,bet,688.0
365,2025-09-04 19:01:02.850775+00:00,871,withdrawal,3765.0
366,2025-08-24 07:43:02.850816+00:00,613,win,2598.0
367,2025-08-22 06:17:02.850862+00:00,279,win,4881.0
368,2025-08-26 13:16:02.850904+00:00,391,deposit,2748.0
369,2025-10-12 10:52:02.850945+00:00,625,deposit,667.0
370,2025-09-19 04:48:02.850991+00:00,377,win,2301.0
371,2025-09-10 06:56:02.851033+00:00,789,deposit,2784.0
372,2025-10-02 00:16:02.851075+00:00,535,deposit,1574.0
373,2025-08-20 03:16:02.851117+00:00,208,deposit,2623.0
374,2025-08-25 06:02:02.851158+00:00,153,bet,3178.0
375,2025-08-20 08:13:02.851199+00:00,961,withdrawal,3245.0
376,2025-08-26 13:19:02.851240+00:00,134,deposit,1976.0
377,2025-09-14 13:37:02.851282+00:00,758,withdrawal,4733.0
378,2025-09-16 01:33:02.851323+00:00,518,deposit,480.0
379,2025-09-02 08:05:02.851372+00:00,447,deposit,4390.0
380,2025-09-24 06:03:02.851414+00:00,615,withdrawal,3104.0
381,2025-09-24 19:17:02.851455+00:00,524,withdrawal,3914.0
382,2025-08-19 01:08:02.851496+00:00,262,deposit,1419.0
383,2025-08-27 12:41:02.851537+00:00,116,deposit,2334.0
384,2025-08-23 01:27:02.851579+00:00,923,withdrawal,2962.0
385,2025-09-01 05:50:02.851620+00:00,438,bet,4583.0
386,2025-09-18 18:39:02.851661+00:00,518,withdrawal,603.0
387,2025-10-05 10:45:02.851702+00:00,507,win,4271.0
388,2025-09-17 21:09:02.851744+00:00,250,withdrawal,3497.0
389,2025-09-20 23:19:02.851785+00:00,911,win,4064.0
390,2025-08-27 03:39:02.851826+00:00,849,deposit,1249.0
391,2025-09-13 14:27:02.851867+00:00,691,deposit,3418.0
392,2025-09-28 05:55:02.851909+00:00,363,withdrawal,274.0
393,2025-10-08 14:59:02.851950+00:00,288,withdrawal,1368.0
394,2025-09-24 02:51:02.851991+00:00,269,bet,3685.0
395,2025-08-19 20:35:02.852033+00:00,470,win,2552.0
396,2025-09-26 01:19:02.852075+00:00,89,deposit,798.0
397,2025-09-02 20:22:02.852116+00:00,740,bet,1333.0
398,2025-09-16 13:00:02.852158+00:00,45,win,1790.0
399,2025-10-04 20:52:02.852199+00:00,253,bet,4769.0
400,2025-10-04 22:23:02.852241+00:00,779,withdrawal,312.0
401,2025-09-29 03:01:02.852283+00:00,609,bet,2842.0
402,2025-08-20 03:23:02.852324+00:00,573,deposit,4524.0
403,2025-08-29 13:23:02.852366+00:00,785,withdrawal,1234.0
404,2025-09-03 19:53:02.852407+00:00,419,win,493.0
405,2025-10-13 00:03:02.852449+00:00,462,win,3674.0
406,2025-10-11 20:51:02.852490+00:00,4,win,4544.0
407,2025-08-14 19:02:02.852531+00:00,257,withdrawal,103.0
408,2025-10-12 11:56:02.852573+00:00,275,withdrawal,3273.0
409,2025-09-02 23:35:02.852614+00:00,662,bet,803.0
410,2025-10-03 05:21:02.852655+00:00,323,deposit,3282.0
411,2025-08-29 14:32:02.852697+00:00,438,deposit,1871.0
412,2025-09-18 19:23:02.852739+00:00,241,win,339.0
413,2025-08-29 17:07:02.852780+00:00,327,bet,4387.0
414,2025-09-29 07:59:02.852821+00:00,917,deposit,4495.0
415,2025-08-29 04:20:02.852863+00:00,942,bet,2944.0
416,2025-09-17 21:27:02.852904+00:00,888,win,49.0
417,2025-09-29 07:31:02.852946+00:00,151,deposit,3760.0
418,2025-08-22 03:32:02.852987+00:00,206,withdrawal,3184.0
419,2025-10-07 18:50:02.853028+00:00,734,win,1053.0
420,2025-09-01 04:46:02.853070+00:00,342,win,1207.0
421,2025-09-04 04:17:02.853111+00:00,446,win,1098.0
422,2025-09-03 06:40:02.853152+00:00,102,win,945.0
423,2025-08-30 03:51:02.853194+00:00,304,deposit,2565.0
424,2025-08-19 10:12:02.853236+00:00,240,withdrawal,2120.0
425,2025-09-01 20:07:02.853277+00:00,992,win,254.0
426,2025-09-09 15:24:02.853319+00:00,498,deposit,2325.0
427,2025-10-09 17:18:02.853360+00:00,125,deposit,2528.0
428,2025-09-27 09:46:02.853402+00:00,923,win,928.0
429,2025-08-24 01:22:02.853443+00:00,251,bet,2590.0
430,2025-08-29 04:54:02.853484+00:00,667,win,4821.0
431,2025-08-17 16:38:02.853525+00:00,39,deposit,3608.0
432,2025-08-30 10:16:02.853566+00:00,946,win,1781.0
433,2025-08-19 23:22:02.853608+00:00,246,win,393.0
434,2025-08-23 06:32:02.853649+00:00,801,withdrawal,2184.0
435,2025-09-24 06:41:02.853690+00:00,850,bet,4377.0
436,2025-08-27 06:18:02.853731+00:00,660,withdrawal,2361.0
437,2025-08-20 06:03:02.853772+00:00,352,bet,4721.0
438,2025-09-10 01:34:02.853813+00:00,599,bet,3589.0
439,2025-09-28 15:15:02.853854+00:00,572,bet,3083.0
440,2025-10-06 10:16:02.853895+00:00,751,bet,159.0
441,2025-10-06 18:42:02.853936+00:00,529,withdrawal,3032.0
442,2025-09-08 08:41:02.853978+00:00,358,bet,992.0
443,2025-10-09 21:23:02.854019+00:00,441,withdrawal,4844.0
444,2025-10-10 11:40:02.854063+00:00,18,win,4737.0
445,2025-09-19 21:12:02.854106+00:00,602,deposit,891.0
446,2025-09-11 21:02:02.854154+00:00,345,withdrawal,2824.0
447,2025-08-16 02:25:02.854205+00:00,3,win,4319.0
448,2025-09-13 19:24:02.854257+00:00,328,withdrawal,3722.0
449,2025-09-07 13:39:02.854303+00:00,693,withdrawal,4016.0
450,2025-10-12 21:43:02.854353+00:00,986,withdrawal,3905.0
451,2025-10-06 09:38:02.854394+00:00,249,withdrawal,467.0
452,2025-09-06 16:25:02.854435+00:00,80,deposit,4231.0
453,2025-10-12 09:44:02.854476+00:00,116,withdrawal,800.0
454,2025-09-26 05:06:02.854517+00:00,820,deposit,3046.0
455,2025-08-20 08:31:02.854559+00:00,864,bet,543.0
456,2025-08-14 15:11:02.854600+00:00,305,bet,2060.0
457,2025-09-08 15:26:02.854641+00:00,258,deposit,558.0
458,2025-10-12 20:34:02.854682+00:00,182,deposit,1507.0
459,2025-08-24 23:39:02.854724+00:00,409,win,1225.0
460,2025-08-30 17:11:02.854765+00:00,20,win,1698.0
461,2025-08-28 03:17:02.854806+00:00,277,deposit,2140.0
462,2025-08-14 08:01:02.854848+00:00,618,win,4950.0
463,2025-09-14 17:12:02.854889+00:00,641,withdrawal,1008.0
464,2025-09-24 19:07:02.854930+00:00,376,bet,3043.0
465,2025-09-21 00:21:02.854971+00:00,59,bet,2897.0
466,2025-09-30 14:03:02.855013+00:00,232,withdrawal,2449.0
467,2025-10-08 20:04:02.855056+00:00,124,withdrawal,3969.0
468,2025-09-06 18:50:02.855097+00:00,55,deposit,3543.0
469,2025-09-18 08:09:02.855138+00:00,814,bet,1695.0
470,2025-09-20 05:27:02.855179+00:00,738,deposit,76.0
471,2025-08-31 03:50:02.855220+00:00,72,win,4583.0
472,2025-09-01 21:01:02.855261+00:00,172,bet,2908.0
473,2025-09-20 19:17:02.855302+00:00,989,bet,2625.0
474,2025-09-15 01:15:02.855344+00:00,293,withdrawal,666.0
475,2025-10-01 02:13:02.855385+00:00,601,bet,3940.0
476,2025-09-08 13:16:02.855426+00:00,254,withdrawal,3581.0
477,2025-09-02 06:28:02.855467+00:00,883,win,4248.0
478,2025-08-29 20:28:02.855512+00:00,930,bet,3950.0
479,2025-10-10 14:39:02.855563+00:00,804,deposit,962.0
480,2025-10-03 03:28:02.855605+00:00,885,withdrawal,1226.0
481,2025-09-21 15:27:02.855646+00:00,320,withdrawal,2175.0
482,2025-09-23 04:15:02.855687+00:00,641,deposit,1706.0
483,2025-10-13 00:37:02.855728+00:00,430,bet,181.0
484,2025-09-10 17:18:02.855770+00:00,102,bet,710.0
485,2025-09-12 17:28:02.855811+00:00,886,deposit,4122.0
486,2025-08-27 10:52:02.855852+00:00,538,withdrawal,136.0
487,2025-10-02 00:28:02.855893+00:00,940,withdrawal,2790.0
488,2025-09-11 17:21:02.855935+00:00,454,withdrawal,3866.0
489,2025-08-26 00:38:02.855976+00:00,58,win,4090.0
490,2025-09-10 03:49:02.856018+00:00,369,withdrawal,3632.0
491,2025-09-11 06:10:02.856059+00:00,345,withdrawal,3609.0
492,2025-09-17 01:10:02.856101+00:00,568,deposit,1497.0
493,2025-09-12 02:43:02.856143+00:00,622,deposit,612.0
494,2025-09-11 00:35:02.856185+00:00,343,withdrawal,2186.0
495,2025-09-09 15:58:02.856227+00:00,167,bet,3030.0
496,2025-08-23 06:52:02.856268+00:00,424,deposit,3093.0
497,2025-10-05 10:41:02.856309+00:00,853,deposit,3152.0
498,2025-09-20 12:24:02.856350+00:00,41,win,3127.0
499,2025-09-07 23:23:02.856391+00:00,741,bet,3126.0
500,2025-09-09 23:22:02.856432+00:00,360,withdrawal,107.0
501,2025-09-06 13:15:02.856474+00:00,378,deposit,647.0
502,2025-09-08 03:54:02.856515+00:00,323,withdrawal,1601.0
503,2025-08-29 09:49:02.856556+00:00,37,deposit,3759.0
504,2025-09-17 19:11:02.856597+00:00,72,win,2728.0
505,2025-09-28 23:42:02.856638+00:00,537,deposit,3980.0
506,2025-08-19 17:54:02.856679+00:00,460,win,704.0
507,2025-10-07 17:32:02.856720+00:00,18,deposit,3962.0
508,2025-09-02 10:10:02.856762+00:00,391,bet,673.0
509,2025-09-01 04:40:02.856803+00:00,361,win,43.0
510,2025-08-19 11:48:02.856844+00:00,960,deposit,1835.0
511,2025-08-19 15:50:02.856885+00:00,612,win,2277.0
512,2025-09-24 07:41:02.856926+00:00,114,deposit,2184.0
513,2025-08-15 21:52:02.856967+00:00,275,bet,4549.0
514,2025-09-09 23:26:02.857008+00:00,479,deposit,1808.0
515,2025-09-01 00:27:02.857049+00:00,795,withdrawal,2068.0
516,2025-08-29 02:27:02.857090+00:00,899,deposit,1329.0
517,2025-09-19 01:03:02.857131+00:00,591,win,3389.0
518,2025-09-02 22:33:02.857172+00:00,658,bet,121.0
519,2025-09-04 14:38:02.857214+00:00,827,withdrawal,4098.0
520,2025-09-06 04:09:02.857255+00:00,272,withdrawal,442.0
521,2025-10-06 14:22:02.857296+00:00,579,win,4885.0
522,2025-09-13 15:53:02.857338+00:00,55,withdrawal,4152.0
523,2025-08-17 16:22:02.857379+00:00,392,deposit,1775.0
524,2025-09-26 09:53:02.857420+00:00,499,withdrawal,340.0
525,2025-09-17 18:01:02.857461+00:00,382,withdrawal,305.0
526,2025-09-22 05:15:02.857502+00:00,574,bet,476.0
527,2025-09-21 20:28:02.857543+00:00,451,bet,3791.0
528,2025-10-03 11:36:02.857585+00:00,247,withdrawal,3938.0
529,2025-08-18 20:21:02.857627+00:00,327,bet,2909.0
530,2025-09-20 07:58:02.857669+00:00,146,bet,2540.0
531,2025-10-11 07:46:02.857719+00:00,770,deposit,2779.0
532,2025-08-23 14:54:02.857846+00:00,953,withdrawal,1590.0
533,2025-08-31 15:03:02.857904+00:00,662,win,1898.0
534,2025-10-06 09:48:02.857953+00:00,24,win,3814.0
535,2025-08-20 02:01:02.858008+00:00,523,bet,2122.0
536,2025-09-30 21:27:02.858059+00:00,850,deposit,3164.0
537,2025-08-18 11:19:02.858109+00:00,289,deposit,529.0
538,2025-09-13 12:45:02.858158+00:00,729,deposit,3855.0
539,2025-09-18 07:46:02.858207+00:00,631,deposit,618.0
540,2025-10-11 12:02:02.858256+00:00,28,bet,4911.0
541,2025-09-02 14:58:02.858305+00:00,931,withdrawal,167.0
542,2025-09-17 12:07:02.858354+00:00,766,bet,3677.0
543,2025-09-21 23:53:02.858402+00:00,19,bet,3100.0
544,2025-09-27 21:13:02.858465+00:00,88,withdrawal,2913.0
545,2025-08-21 09:23:02.858536+00:00,619,win,4868.0
546,2025-09-08 01:11:02.858590+00:00,273,deposit,1306.0
547,2025-08-28 18:29:02.858641+00:00,56,withdrawal,4916.0
548,2025-10-06 20:38:02.858691+00:00,892,bet,2548.0
549,2025-08-19 20:33:02.858739+00:00,991,deposit,1696.0
550,2025-09-19 22:06:02.858787+00:00,258,deposit,3008.0
551,2025-08-18 13:14:02.858835+00:00,230,bet,1009.0
552,2025-10-10 11:32:02.858882+00:00,388,win,4171.0
553,2025-09-17 20:14:02.858930+00:00,371,withdrawal,2039.0
554,2025-08-22 03:48:02.858978+00:00,329,withdrawal,3978.0
555,2025-08-24 11:05:02.859021+00:00,240,bet,1075.0
556,2025-08-20 11:11:02.859064+00:00,229,deposit,4156.0
557,2025-09-05 05:15:02.859107+00:00,907,deposit,1624.0
558,2025-09-14 10:30:02.859156+00:00,460,withdrawal,1419.0
559,2025-09-24 04:15:02.859210+00:00,515,withdrawal,3243.0
560,2025-09-16 15:49:02.859261+00:00,674,bet,1892.0
561,2025-09-02 13:43:02.859309+00:00,564,deposit,1751.0
562,2025-08-27 13:17:02.859355+00:00,145,bet,4710.0
563,2025-10-06 11:05:02.859407+00:00,29,bet,3389.0
564,2025-08-21 02:25:02.859464+00:00,969,deposit,4386.0
565,2025-09-11 12:45:02.859515+00:00,652,deposit,4009.0
566,2025-10-09 20:44:02.859573+00:00,731,win,4434.0
567,2025-09-25 09:33:02.859622+00:00,421,win,3043.0
568,2025-09-20 09:52:02.859686+00:00,436,bet,2374.0
569,2025-10-11 04:44:02.859764+00:00,321,win,1050.0
570,2025-08-23 05:40:02.859813+00:00,231,deposit,4163.0
571,2025-09-18 03:32:02.859863+00:00,923,win,3009.0
572,2025-10-09 13:03:02.859911+00:00,518,withdrawal,3899.0
573,2025-09-26 19:54:02.859960+00:00,524,win,1586.0
574,2025-09-11 18:45:02.860008+00:00,72,win,1336.0
575,2025-10-02 22:37:02.860057+00:00,745,win,4936.0
576,2025-09-05 13:41:02.860105+00:00,659,bet,1183.0
577,2025-09-17 19:12:02.860153+00:00,605,withdrawal,3699.0
578,2025-09-27 22:42:02.860202+00:00,72,win,4614.0
579,2025-08-16 18:54:02.860251+00:00,349,deposit,1402.0
580,2025-09-18 17:46:02.860299+00:00,704,win,824.0
581,2025-09-18 13:17:02.860347+00:00,786,withdrawal,2544.0
582,2025-09-03 08:34:02.860395+00:00,544,deposit,1704.0
583,2025-09-14 01:06:02.860443+00:00,262,deposit,1545.0
584,2025-10-11 20:02:02.860491+00:00,51,deposit,2071.0
585,2025-10-10 16:59:02.860538+00:00,725,withdrawal,3484.0
586,2025-09-21 04:19:02.860584+00:00,688,bet,99.0
587,2025-10-05 16:44:02.860628+00:00,907,bet,340.0
588,2025-08-30 09:30:02.860672+00:00,873,bet,4694.0
589,2025-09-13 16:22:02.860716+00:00,492,withdrawal,2983.0
590,2025-09-05 21:46:02.860760+00:00,960,win,4254.0
591,2025-10-08 20:21:02.860803+00:00,726,win,3576.0
592,2025-10-07 02:49:02.860846+00:00,831,bet,3551.0
593,2025-09-05 06:04:02.860889+00:00,966,win,3160.0
594,2025-09-26 04:00:02.860932+00:00,423,withdrawal,1328.0
595,2025-10-11 16:25:02.860975+00:00,291,deposit,1824.0
596,2025-10-07 10:12:02.861018+00:00,248,withdrawal,1671.0
597,2025-09-29 17:03:02.861061+00:00,174,withdrawal,1980.0
598,2025-08-20 01:34:02.861104+00:00,667,bet,1139.0
599,2025-10-04 07:22:02.861147+00:00,533,bet,2988.0
600,2025-09-17 20:53:02.861189+00:00,807,win,4455.0
601,2025-09-25 09:11:02.861232+00:00,361,win,4756.0
602,2025-09-16 22:57:02.861275+00:00,295,deposit,3525.0
603,2025-10-05 07:56:02.861320+00:00,817,win,3930.0
604,2025-09-25 18:14:02.861362+00:00,3,win,216.0
605,2025-09-17 09:48:02.861405+00:00,964,withdrawal,3832.0
606,2025-09-03 02:49:02.861448+00:00,997,bet,960.0
607,2025-10-01 04:31:02.861491+00:00,599,deposit,26.0
608,2025-08-18 01:35:02.861534+00:00,566,deposit,358.0
609,2025-09-29 00:59:02.861576+00:00,259,withdrawal,2593.0
610,2025-09-30 06:53:02.861619+00:00,771,win,4336.0
611,2025-09-14 12:36:02.861661+00:00,736,win,4319.0
612,2025-09-27 12:48:02.861704+00:00,515,bet,447.0
613,2025-09-13 17:35:02.861748+00:00,904,deposit,2643.0
614,2025-10-06 21:11:02.861791+00:00,3,withdrawal,4179.0
615,2025-08-21 04:30:02.861834+00:00,808,withdrawal,7.0
616,2025-09-14 16:07:02.861885+00:00,571,deposit,4591.0
617,2025-09-18 03:20:02.861927+00:00,974,withdrawal,3591.0
618,2025-08-28 22:57:02.861970+00:00,748,win,2543.0
619,2025-09-14 03:52:02.862013+00:00,380,bet,135.0
620,2025-09-16 15:28:02.862057+00:00,37,win,2538.0
621,2025-10-01 11:18:02.862101+00:00,976,win,2414.0
622,2025-08-20 08:19:02.862152+00:00,595,bet,1356.0
623,2025-08-18 09:14:02.862200+00:00,601,bet,3060.0
624,2025-10-06 22:40:02.862248+00:00,980,deposit,3012.0
625,2025-08-30 08:15:02.862296+00:00,237,withdrawal,620.0
626,2025-08-23 15:13:02.862344+00:00,528,bet,899.0
627,2025-10-01 20:56:02.862391+00:00,104,withdrawal,4435.0
628,2025-10-08 05:56:02.862439+00:00,230,bet,96.0
629,2025-09-07 05:15:02.862487+00:00,196,withdrawal,1160.0
630,2025-10-11 02:46:02.862535+00:00,100,win,771.0
631,2025-09-02 11:02:02.862583+00:00,381,withdrawal,2550.0
632,2025-09-01 02:43:02.862631+00:00,483,win,1656.0
633,2025-09-14 12:04:02.862679+00:00,230,win,2147.0
634,2025-08-21 05:00:02.862726+00:00,43,withdrawal,1583.0
635,2025-10-06 06:35:02.862774+00:00,853,win,2920.0
636,2025-09-07 13:48:02.862821+00:00,307,deposit,4337.0
637,2025-08-18 09:46:02.862869+00:00,15,deposit,310.0
638,2025-09-05 06:13:02.862916+00:00,382,win,4412.0
639,2025-09-15 01:57:02.862964+00:00,723,withdrawal,2135.0
640,2025-09-25 05:26:02.863011+00:00,19,bet,3912.0
641,2025-09-19 10:30:02.863056+00:00,222,withdrawal,2649.0
642,2025-09-30 12:41:02.863099+00:00,253,withdrawal,4073.0
643,2025-09-11 03:03:02.863141+00:00,235,withdrawal,578.0
644,2025-10-10 21:26:02.863184+00:00,288,win,1268.0
645,2025-09-06 22:17:02.863227+00:00,833,win,1041.0
646,2025-09-20 20:45:02.863269+00:00,934,win,843.0
647,2025-08-26 09:44:02.863312+00:00,745,deposit,906.0
648,2025-09-02 12:30:02.863354+00:00,976,withdrawal,3564.0
649,2025-09-15 23:18:02.863397+00:00,571,withdrawal,3845.0
650,2025-09-23 04:03:02.863440+00:00,911,withdrawal,3089.0
651,2025-08-31 11:16:02.863483+00:00,478,deposit,1175.0
652,2025-08-14 23:18:02.863525+00:00,779,withdrawal,4039.0
653,2025-10-02 16:56:02.863568+00:00,258,win,312.0
654,2025-08-30 11:49:02.863611+00:00,794,deposit,4770.0
655,2025-10-11 16:51:02.863654+00:00,641,deposit,1688.0
656,2025-08-23 01:34:02.863696+00:00,436,win,2817.0
657,2025-09-25 19:30:02.863739+00:00,580,deposit,2657.0
658,2025-10-01 17:31:02.863781+00:00,775,win,2931.0
659,2025-09-09 19:46:02.863824+00:00,381,win,1150.0
660,2025-09-22 21:32:02.863867+00:00,295,withdrawal,3216.0
661,2025-09-01 02:08:02.863909+00:00,7,bet,4342.0
662,2025-09-01 02:36:02.863952+00:00,222,win,4384.0
663,2025-10-01 14:13:02.863995+00:00,316,win,4256.0
664,2025-09-02 02:36:02.864037+00:00,428,withdrawal,2158.0
665,2025-10-09 06:20:02.864080+00:00,664,win,2112.0
666,2025-09-01 14:18:02.864122+00:00,29,bet,2832.0
667,2025-09-12 08:48:02.864165+00:00,140,withdrawal,3557.0
668,2025-08-23 17:40:02.864207+00:00,801,withdrawal,1683.0
669,2025-08-28 21:35:02.864250+00:00,714,withdrawal,475.0
670,2025-10-04 16:43:02.864292+00:00,787,bet,738.0
671,2025-09-03 21:32:02.864335+00:00,340,withdrawal,3641.0
672,2025-09-19 08:15:02.864377+00:00,307,bet,405.0
673,2025-08-16 03:11:02.864419+00:00,736,win,2893.0
674,2025-10-01 06:38:02.864462+00:00,910,bet,1887.0
675,2025-10-05 02:07:02.864504+00:00,852,withdrawal,966.0
676,2025-08-24 03:01:02.864547+00:00,127,bet,1759.0
677,2025-08-24 16:54:02.864590+00:00,447,withdrawal,3990.0
678,2025-10-08 04:40:02.864633+00:00,24,withdrawal,1703.0
679,2025-09-22 07:56:02.864676+00:00,722,withdrawal,2673.0
680,2025-08-15 07:29:02.864723+00:00,461,bet,1303.0
681,2025-08-23 20:52:02.864767+00:00,539,deposit,3247.0
682,2025-09-04 06:33:02.864810+00:00,831,deposit,1803.0
683,2025-10-06 02:34:02.864855+00:00,116,win,4611.0
684,2025-09-02 13:56:02.864905+00:00,587,withdrawal,4201.0
685,2025-09-06 19:46:02.864955+00:00,430,withdrawal,1784.0
686,2025-08-18 04:07:02.865006+00:00,235,withdrawal,4976.0
687,2025-09-21 11:00:02.865053+00:00,262,withdrawal,815.0
688,2025-09-22 11:37:02.865096+00:00,558,bet,2381.0
689,2025-09-24 16:30:02.865138+00:00,275,deposit,2464.0
690,2025-09-30 10:34:02.865181+00:00,387,win,3075.0
691,2025-09-08 00:25:02.865223+00:00,135,withdrawal,3524.0
692,2025-09-24 05:23:02.865266+00:00,779,withdrawal,1741.0
693,2025-10-05 03:21:02.865308+00:00,345,bet,4911.0
694,2025-09-20 03:10:02.865351+00:00,875,withdrawal,3057.0
695,2025-08-16 04:11:02.865394+00:00,538,win,869.0
696,2025-09-20 17:01:02.865436+00:00,353,bet,4895.0
697,2025-10-09 19:01:02.865479+00:00,782,win,3007.0
698,2025-10-02 00:04:02.865522+00:00,537,deposit,4552.0
699,2025-10-06 20:23:02.865564+00:00,692,win,1376.0
700,2025-08-25 09:16:02.865607+00:00,187,deposit,2208.0
701,2025-08-23 15:47:02.865649+00:00,197,win,678.0
702,2025-09-22 20:09:02.865692+00:00,510,deposit,3669.0
703,2025-08-28 10:52:02.865734+00:00,30,win,960.0
704,2025-10-13 02:15:02.865777+00:00,779,withdrawal,479.0
705,2025-09-29 07:56:02.865819+00:00,231,bet,1869.0
706,2025-09-19 17:16:02.865862+00:00,765,win,4774.0
707,2025-09-14 18:14:02.865944+00:00,365,win,2410.0
708,2025-10-04 02:05:02.865986+00:00,375,bet,518.0
709,2025-09-10 20:06:02.866029+00:00,292,bet,4100.0
710,2025-09-10 20:02:02.866072+00:00,34,win,712.0
711,2025-08-14 07:56:02.866115+00:00,878,win,3933.0
712,2025-09-19 17:59:02.866157+00:00,971,bet,2559.0
713,2025-08-31 23:41:02.866199+00:00,512,withdrawal,3054.0
714,2025-09-15 17:53:02.866242+00:00,668,deposit,1580.0
715,2025-09-07 01:00:02.866284+00:00,446,win,3558.0
716,2025-08-17 21:20:02.866327+00:00,352,win,2448.0
717,2025-10-08 16:20:02.866370+00:00,822,deposit,113.0
718,2025-09-16 06:54:02.866413+00:00,755,deposit,4847.0
719,2025-09-02 18:18:02.866455+00:00,320,withdrawal,4564.0
720,2025-09-04 09:36:02.866498+00:00,683,win,2959.0
721,2025-09-03 03:43:02.866541+00:00,917,win,1197.0
722,2025-09-25 08:46:02.866583+00:00,841,win,408.0
723,2025-09-04 18:58:02.866627+00:00,390,bet,3061.0
724,2025-09-27 07:03:02.866669+00:00,475,bet,251.0
725,2025-09-26 07:00:02.866712+00:00,83,win,664.0
726,2025-10-08 07:28:02.866755+00:00,149,win,1741.0
727,2025-10-09 06:01:02.866797+00:00,794,withdrawal,2871.0
728,2025-08-25 07:41:02.866840+00:00,862,withdrawal,1023.0
729,2025-08-21 23:06:02.866882+00:00,271,win,723.0
730,2025-09-21 18:16:02.866925+00:00,532,win,3206.0
731,2025-08-15 05:07:02.866967+00:00,689,bet,4539.0
732,2025-09-21 08:15:02.867009+00:00,395,withdrawal,3756.0
733,2025-08-21 00:18:02.867052+00:00,658,win,2386.0
734,2025-09-14 22:26:02.867095+00:00,342,withdrawal,151.0
735,2025-10-01 22:06:02.867138+00:00,73,win,632.0
736,2025-09-06 08:45:02.867180+00:00,169,withdrawal,2792.0
737,2025-08-21 12:52:02.867223+00:00,284,bet,3090.0
738,2025-09-01 17:13:02.867266+00:00,321,deposit,4168.0
739,2025-08-16 02:30:02.867308+00:00,866,deposit,2293.0
740,2025-09-02 08:06:02.867351+00:00,667,deposit,3637.0
741,2025-09-12 12:38:02.867394+00:00,40,win,4651.0
742,2025-09-26 16:14:02.867437+00:00,814,withdrawal,834.0
743,2025-09-06 13:30:02.867479+00:00,967,deposit,1384.0
744,2025-09-08 17:16:02.867522+00:00,632,deposit,411.0
745,2025-09-08 11:53:02.867565+00:00,884,withdrawal,3290.0
746,2025-09-07 01:33:02.867608+00:00,557,win,993.0
747,2025-10-11 14:56:02.867651+00:00,641,deposit,661.0
748,2025-10-07 06:17:02.867694+00:00,667,bet,2484.0
749,2025-09-21 00:17:02.867737+00:00,289,deposit,273.0
750,2025-09-01 20:40:02.867782+00:00,359,bet,90.0
751,2025-09-27 14:39:02.867825+00:00,340,bet,1322.0
752,2025-08-21 05:10:02.867867+00:00,319,deposit,3122.0
753,2025-09-18 02:05:02.867910+00:00,160,bet,2877.0
754,2025-09-13 00:36:02.867952+00:00,118,withdrawal,4131.0
755,2025-08-30 06:36:02.867995+00:00,711,deposit,1381.0
756,2025-09-22 16:57:02.868037+00:00,334,withdrawal,3614.0
757,2025-09-26 00:44:02.868080+00:00,767,withdrawal,4117.0
758,2025-08-25 06:42:02.868122+00:00,417,deposit,4777.0
759,2025-10-03 22:01:02.868165+00:00,169,withdrawal,4569.0
760,2025-10-08 15:08:02.868207+00:00,909,withdrawal,219.0
761,2025-10-05 16:05:02.868250+00:00,836,deposit,4114.0
762,2025-09-15 19:02:02.868293+00:00,300,deposit,314.0
763,2025-10-11 02:11:02.868335+00:00,78,withdrawal,2129.0
764,2025-09-04 16:16:02.868378+00:00,405,withdrawal,3081.0
765,2025-09-21 01:53:02.868420+00:00,378,deposit,314.0
766,2025-08-21 08:46:02.868463+00:00,523,win,2090.0
767,2025-09-29 06:18:02.868506+00:00,542,withdrawal,173.0
768,2025-08-28 01:05:02.868549+00:00,496,withdrawal,1001.0
769,2025-08-21 08:24:02.868592+00:00,18,deposit,3691.0
770,2025-10-05 02:10:02.868634+00:00,886,win,2278.0
771,2025-09-21 10:52:02.868684+00:00,388,bet,4999.0
772,2025-09-30 01:40:02.868727+00:00,197,bet,1780.0
773,2025-08-24 10:55:02.868769+00:00,257,bet,2577.0
774,2025-09-15 22:38:02.868812+00:00,230,deposit,103.0
775,2025-09-27 17:01:02.868855+00:00,959,win,2946.0
776,2025-08-26 22:40:02.868897+00:00,518,win,1478.0
777,2025-09-26 05:30:02.868940+00:00,739,deposit,2975.0
778,2025-09-22 12:10:02.868983+00:00,622,win,2228.0
779,2025-08-21 00:16:02.869026+00:00,207,bet,2307.0
780,2025-08-19 06:53:02.869068+00:00,209,deposit,2647.0
781,2025-08-21 10:00:02.869111+00:00,197,bet,2482.0
782,2025-09-27 14:57:02.869153+00:00,155,deposit,3456.0
783,2025-09-15 07:05:02.869203+00:00,992,withdrawal,2997.0
784,2025-10-09 01:36:02.869252+00:00,1000,win,2874.0
785,2025-09-27 20:23:02.869295+00:00,649,bet,671.0
786,2025-08-14 13:26:02.869347+00:00,878,withdrawal,4980.0
787,2025-09-11 11:48:02.869393+00:00,87,deposit,1119.0
788,2025-10-07 12:32:02.869436+00:00,419,win,3669.0
789,2025-10-04 20:21:02.869478+00:00,815,bet,771.0
790,2025-08-16 20:54:02.869520+00:00,721,bet,3784.0
791,2025-09-05 12:04:02.869563+00:00,641,bet,2363.0
792,2025-09-12 16:05:02.869606+00:00,342,deposit,3191.0
793,2025-08-30 13:15:02.869648+00:00,314,deposit,3016.0
794,2025-10-10 10:01:02.869691+00:00,735,bet,2518.0
795,2025-09-20 22:35:02.869733+00:00,733,win,568.0
796,2025-09-22 16:16:02.869775+00:00,355,withdrawal,866.0
797,2025-09-27 04:08:02.869818+00:00,568,bet,4531.0
798,2025-10-10 11:40:02.869860+00:00,571,deposit,3410.0
799,2025-08-14 07:32:02.869903+00:00,216,win,3906.0
800,2025-09-18 11:21:02.869946+00:00,278,deposit,4941.0
801,2025-09-04 11:42:02.869989+00:00,810,win,2304.0
802,2025-09-06 13:56:02.870032+00:00,377,bet,201.0
803,2025-09-09 09:48:02.870076+00:00,479,withdrawal,2123.0
804,2025-10-07 15:54:02.870120+00:00,366,bet,1315.0
805,2025-08-15 16:25:02.870169+00:00,915,deposit,3844.0
806,2025-08-31 04:36:02.870219+00:00,378,win,1983.0
807,2025-10-03 03:41:02.870262+00:00,268,withdrawal,804.0
808,2025-08-15 07:42:02.870304+00:00,130,win,2228.0
809,2025-08-30 21:30:02.870350+00:00,1000,deposit,541.0
810,2025-10-06 19:20:02.870393+00:00,20,bet,4636.0
811,2025-09-26 15:16:02.870436+00:00,334,bet,3309.0
812,2025-08-15 05:01:02.870479+00:00,465,bet,2849.0
813,2025-09-17 07:44:02.870522+00:00,734,withdrawal,2219.0
814,2025-09-14 18:27:02.870564+00:00,981,bet,1811.0
815,2025-09-23 23:34:02.870607+00:00,963,bet,3107.0
816,2025-09-18 06:19:02.870649+00:00,34,bet,3507.0
817,2025-09-01 04:38:02.870692+00:00,539,bet,3491.0
818,2025-09-25 21:54:02.870734+00:00,476,bet,239.0
819,2025-09-11 19:21:02.870777+00:00,869,win,1813.0
820,2025-08-16 00:27:02.870819+00:00,621,deposit,2706.0
821,2025-08-16 14:18:02.870862+00:00,351,win,835.0
822,2025-08-25 06:12:02.870904+00:00,294,deposit,2859.0
823,2025-09-24 21:43:02.870947+00:00,777,bet,1915.0
824,2025-08-24 20:00:02.870990+00:00,902,deposit,3828.0
825,2025-08-26 12:36:02.871032+00:00,84,bet,228.0
826,2025-09-03 20:45:02.871074+00:00,259,win,3071.0
827,2025-09-03 22:57:02.871117+00:00,507,deposit,647.0
828,2025-08-30 14:17:02.871159+00:00,199,win,3252.0
829,2025-08-26 18:46:02.871207+00:00,382,withdrawal,4880.0
830,2025-09-17 00:54:02.871250+00:00,476,withdrawal,2359.0
831,2025-08-30 04:31:02.871292+00:00,528,withdrawal,562.0
832,2025-08-14 10:48:02.871335+00:00,676,win,2843.0
833,2025-09-23 10:22:02.871377+00:00,671,bet,1106.0
834,2025-09-24 00:14:02.871420+00:00,632,win,120.0
835,2025-09-15 10:56:02.871462+00:00,301,bet,4271.0
836,2025-10-07 00:23:02.871504+00:00,259,win,368.0
837,2025-08-21 06:06:02.871547+00:00,295,deposit,2200.0
838,2025-09-01 02:46:02.871589+00:00,84,win,4685.0
839,2025-09-22 18:25:02.871631+00:00,40,deposit,4531.0
840,2025-10-11 05:57:02.871674+00:00,403,bet,654.0
841,2025-09-19 05:01:02.871716+00:00,951,deposit,1797.0
842,2025-08-15 01:25:02.871759+00:00,15,win,2681.0
843,2025-09-22 03:53:02.871801+00:00,905,bet,91.0
844,2025-09-05 06:36:02.871843+00:00,813,withdrawal,3417.0
845,2025-09-17 07:04:02.871886+00:00,842,win,3953.0
846,2025-09-17 02:21:02.871928+00:00,407,withdrawal,129.0
847,2025-09-20 03:09:02.871971+00:00,148,bet,3090.0
848,2025-09-09 04:08:02.872013+00:00,322,withdrawal,3117.0
849,2025-10-08 22:55:02.872055+00:00,907,deposit,4056.0
850,2025-09-20 01:55:02.872098+00:00,228,win,3322.0
851,2025-09-14 20:06:02.872140+00:00,301,bet,2022.0
852,2025-09-18 04:04:02.872183+00:00,402,win,511.0
853,2025-08-16 15:31:02.872225+00:00,981,withdrawal,2869.0
854,2025-10-06 03:36:02.872267+00:00,427,win,3447.0
855,2025-08-22 04:46:02.872310+00:00,776,withdrawal,1613.0
856,2025-10-06 13:28:02.872352+00:00,779,win,298.0
857,2025-08-19 19:14:02.872395+00:00,743,withdrawal,2076.0
858,2025-09-08 00:12:02.872438+00:00,279,win,1702.0
859,2025-09-13 19:39:02.872480+00:00,295,deposit,3631.0
860,2025-10-03 16:22:02.872523+00:00,950,withdrawal,1618.0
861,2025-09-10 05:46:02.872565+00:00,742,bet,691.0
862,2025-09-08 11:25:02.872608+00:00,986,deposit,839.0
863,2025-09-16 00:51:02.872650+00:00,950,win,245.0
864,2025-10-03 15:06:02.872692+00:00,380,bet,2850.0
865,2025-10-10 00:30:02.872735+00:00,704,bet,2885.0
866,2025-08-20 20:13:02.872778+00:00,360,deposit,3491.0
867,2025-10-01 01:59:02.872820+00:00,494,bet,2863.0
868,2025-09-05 05:20:02.872863+00:00,486,deposit,3615.0
869,2025-08-17 11:04:02.872905+00:00,914,bet,3524.0
870,2025-09-24 05:13:02.872947+00:00,738,withdrawal,2346.0
871,2025-09-03 12:27:02.872991+00:00,64,win,1586.0
872,2025-09-25 19:49:02.873034+00:00,969,win,4211.0
873,2025-09-08 15:53:02.873077+00:00,231,win,204.0
874,2025-08-26 08:10:02.873119+00:00,475,win,1010.0
875,2025-10-12 21:51:02.873162+00:00,789,deposit,712.0
876,2025-09-16 21:53:02.873204+00:00,432,withdrawal,836.0
877,2025-10-07 18:54:02.873247+00:00,991,bet,4676.0
878,2025-08-22 17:45:02.873289+00:00,473,withdrawal,3998.0
879,2025-09-11 12:02:02.873332+00:00,770,withdrawal,3162.0
880,2025-09-13 15:58:02.873374+00:00,633,win,1269.0
881,2025-10-01 01:39:02.873416+00:00,173,bet,2008.0
882,2025-09-11 04:28:02.873459+00:00,349,bet,1348.0
883,2025-09-17 02:20:02.873501+00:00,269,deposit,4557.0
884,2025-10-11 12:23:02.873544+00:00,516,win,3300.0
885,2025-09-16 14:03:02.873586+00:00,669,bet,4253.0
886,2025-08-15 19:53:02.873628+00:00,787,win,3720.0
887,2025-09-03 19:22:02.873671+00:00,494,bet,1870.0
888,2025-09-05 04:17:02.873713+00:00,405,deposit,416.0
889,2025-09-13 13:01:02.873755+00:00,420,win,1124.0
890,2025-08-28 10:24:02.873798+00:00,391,bet,1550.0
891,2025-09-23 23:08:02.873840+00:00,318,deposit,557.0
892,2025-09-18 02:14:02.873883+00:00,246,deposit,214.0
893,2025-10-12 16:28:02.873925+00:00,525,win,3211.0
894,2025-09-08 21:41:02.873968+00:00,35,bet,974.0
895,2025-09-22 14:19:02.874010+00:00,179,bet,1865.0
896,2025-09-22 03:24:02.874052+00:00,340,withdrawal,1854.0
897,2025-09-26 13:26:02.874095+00:00,776,withdrawal,1179.0
898,2025-08-30 21:28:02.874138+00:00,212,deposit,131.0
899,2025-08-27 23:09:02.874180+00:00,535,win,3845.0
900,2025-09-09 13:25:02.874223+00:00,454,deposit,2837.0
901,2025-08-29 04:34:02.874265+00:00,860,bet,1996.0
902,2025-10-05 02:01:02.874310+00:00,794,withdrawal,4508.0
903,2025-09-05 09:35:02.874356+00:00,119,win,3000.0
904,2025-08-23 22:00:02.874424+00:00,366,bet,4264.0
905,2025-08-22 11:14:02.874475+00:00,432,bet,1205.0
906,2025-10-02 15:56:02.874522+00:00,71,withdrawal,2764.0
907,2025-08-14 13:47:02.874570+00:00,740,withdrawal,460.0
908,2025-09-09 16:16:02.874629+00:00,39,bet,3915.0
909,2025-09-18 22:48:02.874693+00:00,454,bet,4554.0
910,2025-09-30 19:56:02.874744+00:00,230,bet,19.0
911,2025-10-04 18:41:02.874835+00:00,536,deposit,1439.0
912,2025-10-01 13:53:02.874884+00:00,565,win,3979.0
913,2025-08-26 00:53:02.874929+00:00,271,bet,4243.0
914,2025-09-08 04:18:02.874973+00:00,920,win,2918.0
915,2025-09-14 03:53:02.875016+00:00,121,withdrawal,1739.0
916,2025-09-16 23:21:02.875071+00:00,452,withdrawal,3676.0
917,2025-09-27 09:19:02.875114+00:00,940,bet,1406.0
918,2025-09-21 10:15:02.875156+00:00,476,deposit,4185.0
919,2025-08-21 12:16:02.875198+00:00,731,withdrawal,4888.0
920,2025-09-24 13:47:02.875240+00:00,940,deposit,1235.0
921,2025-09-30 05:19:02.875282+00:00,89,bet,4763.0
922,2025-09-25 00:18:02.875324+00:00,308,withdrawal,2244.0
923,2025-09-09 00:11:02.875371+00:00,199,bet,1008.0
924,2025-09-25 05:04:02.875431+00:00,523,win,1007.0
925,2025-09-07 15:20:02.875483+00:00,298,win,1115.0
926,2025-09-05 23:47:02.875530+00:00,258,win,2273.0
927,2025-10-08 23:32:02.875621+00:00,693,bet,2703.0
928,2025-08-28 11:55:02.875686+00:00,981,bet,105.0
929,2025-10-04 07:27:02.875734+00:00,498,win,2062.0
930,2025-09-21 06:59:02.875807+00:00,857,bet,281.0
931,2025-10-07 00:14:02.875861+00:00,248,deposit,1898.0
932,2025-08-31 02:26:02.875916+00:00,93,deposit,3207.0
933,2025-10-05 11:42:02.875970+00:00,802,bet,2417.0
934,2025-08-27 21:10:02.876018+00:00,108,bet,2605.0
935,2025-09-24 11:21:02.876061+00:00,778,withdrawal,4725.0
936,2025-08-15 22:11:02.876104+00:00,971,deposit,4306.0
937,2025-09-24 20:03:02.876146+00:00,589,bet,1254.0
938,2025-09-16 16:17:02.876189+00:00,805,withdrawal,51.0
939,2025-09-03 19:02:02.876232+00:00,548,withdrawal,4864.0
940,2025-09-10 20:12:02.876275+00:00,683,bet,3103.0
941,2025-10-08 10:50:02.876317+00:00,576,withdrawal,1266.0
942,2025-10-12 17:49:02.876360+00:00,565,deposit,4607.0
943,2025-09-09 06:44:02.876403+00:00,785,withdrawal,4021.0
944,2025-08-25 07:01:02.876446+00:00,574,win,2236.0
945,2025-09-04 05:22:02.876489+00:00,688,withdrawal,3466.0
946,2025-09-19 13:43:02.876531+00:00,335,withdrawal,1275.0
947,2025-08-29 20:28:02.876575+00:00,262,withdrawal,3707.0
948,2025-09-03 01:23:02.876618+00:00,310,win,2004.0
949,2025-09-25 04:53:02.876661+00:00,273,withdrawal,2999.0
950,2025-08-20 03:17:02.876703+00:00,676,withdrawal,597.0
951,2025-10-08 10:05:02.876746+00:00,507,withdrawal,1075.0
952,2025-09-25 09:22:02.876788+00:00,46,bet,3415.0
953,2025-08-25 17:09:02.876831+00:00,833,win,2417.0
954,2025-08-29 22:17:02.876873+00:00,44,win,1573.0
955,2025-08-31 09:01:02.876916+00:00,196,bet,4208.0
956,2025-09-27 21:16:02.876959+00:00,48,bet,4356.0
957,2025-09-24 06:16:02.877001+00:00,41,win,2500.0
958,2025-09-27 21:11:02.877044+00:00,88,withdrawal,1552.0
959,2025-10-07 07:38:02.877087+00:00,20,win,2944.0
960,2025-09-24 23:48:02.877129+00:00,687,deposit,4955.0
961,2025-10-12 09:29:02.877172+00:00,46,win,418.0
962,2025-09-16 02:07:02.877214+00:00,457,deposit,183.0
963,2025-08-16 21:52:02.877257+00:00,649,deposit,4852.0
964,2025-10-09 06:15:02.877299+00:00,529,withdrawal,2274.0
965,2025-08-20 11:07:02.877342+00:00,32,bet,3542.0
966,2025-08-17 18:57:02.877384+00:00,84,withdrawal,3960.0
967,2025-09-04 08:28:02.877427+00:00,300,withdrawal,3530.0
968,2025-09-22 05:06:02.877469+00:00,469,bet,2293.0
969,2025-09-08 05:41:02.877512+00:00,911,bet,749.0
970,2025-09-06 22:02:02.877554+00:00,910,bet,2324.0
971,2025-08-24 04:59:02.877597+00:00,580,win,4792.0
972,2025-09-01 11:48:02.877639+00:00,858,withdrawal,3513.0
973,2025-10-01 01:54:02.877682+00:00,622,withdrawal,3313.0
974,2025-10-10 11:42:02.877724+00:00,498,deposit,1894.0
975,2025-10-10 23:06:02.877767+00:00,619,deposit,2545.0
976,2025-09-05 01:52:02.877810+00:00,161,win,769.0
977,2025-09-24 13:04:02.877853+00:00,144,withdrawal,4366.0
978,2025-10-07 22:00:02.877895+00:00,918,win,3599.0
979,2025-09-15 04:26:02.877938+00:00,884,win,4648.0
980,2025-09-08 16:56:02.877981+00:00,312,bet,3374.0
981,2025-10-04 22:44:02.878023+00:00,392,win,2880.0
982,2025-10-03 05:07:02.878065+00:00,77,deposit,1426.0
983,2025-09-26 13:47:02.878108+00:00,185,deposit,24.0
984,2025-09-24 22:16:02.878151+00:00,221,withdrawal,367.0
985,2025-09-29 04:53:02.878193+00:00,550,win,854.0
986,2025-09-20 04:26:02.878236+00:00,259,withdrawal,695.0
987,2025-09-29 08:42:02.878278+00:00,218,deposit,1074.0
988,2025-09-21 02:33:02.878321+00:00,84,deposit,3644.0
989,2025-08-18 19:43:02.878363+00:00,361,deposit,2568.0
990,2025-09-18 06:27:02.878406+00:00,507,withdrawal,3686.0
991,2025-08-14 13:08:02.878449+00:00,928,win,1435.0
992,2025-10-08 02:28:02.878491+00:00,446,bet,3470.0
993,2025-09-01 00:29:02.878534+00:00,614,deposit,293.0
994,2025-10-03 22:45:02.878577+00:00,602,bet,1882.0
995,2025-09-08 09:22:02.878620+00:00,359,withdrawal,524.0
996,2025-10-09 20:10:02.878662+00:00,319,deposit,1432.0
997,2025-08-30 19:48:02.878705+00:00,262,win,3551.0
998,2025-08-23 06:38:02.878748+00:00,487,win,3388.0
999,2025-09-17 23:34:02.878790+00:00,509,win,437.0
1000,2025-08-16 12:27:02.878833+00:00,392,bet,1042.0
1001,2025-09-12 15:48:02.878876+00:00,152,bet,71.0
1002,2025-09-29 19:35:02.878918+00:00,252,win,4074.0
